fileName,Label,S1@(ms),S2@(ms),systole,diastole,S1(ABV),syst_mur(0/1),smur_begin,syst_dur,syst_amp,syst_freq,S2(ABV),diast_mur(0/1),dmur_begin,diast_dur,diast_amp,diast_freq
earlySyst_s01.wav,1,1000,1350,350,580,0.267393575,1,1050,240,0.017406581,150.2034849,0.050852521,1,1420,470,0.008029732,18.72571815
earlySyst_s02.wav,1,320,670,350,600,0.256950737,1,370,240,0.018494614,138.2433224,0.055793648,1,740,480,0.007974648,23.08152142
earlySyst_s03.wav,1,340,670,330,600,0.233340737,1,380,230,0.017982592,150.372342,0.054285726,1,730,430,0.008101655,20.47624931
earlySyst_s04.wav,1,260,610,350,580,0.252525699,1,300,250,0.017404685,150.2257867,0.05356154,1,670,150,0.008155946,27.8371374
earlySyst_s05.wav,1,260,620,360,600,0.228169759,1,320,250,0.017750658,137.2387683,0.059344317,1,690,130,0.0083716,21.69996101
earlySyst_s06.wav,1,290,630,340,600,0.236972794,1,340,230,0.018341552,141.2678069,0.053501158,1,690,130,0.008307419,25.96081325
earlySyst_s07.wav,1,370,730,360,580,0.256269743,1,420,220,0.018568254,157.7055074,0.057052068,1,790,50,0.008309016,26.40974767
earlySyst_s08.wav,1,290,650,360,600,0.24267158,1,350,250,0.017539105,138.5257936,0.0597343,1,720,480,0.007991525,19.63408205
earlySyst_s09.wav,1,280,620,340,600,0.257451805,1,330,230,0.018661341,139.97012,0.04885393,1,680,440,0.008018517,20.62236816
earlySyst_s10.wav,1,290,650,360,590,0.272181944,1,340,270,0.016904943,131.66073,0.059208626,1,730,290,0.008119128,17.79008976
earlySyst_s11.wav,1,290,630,340,590,0.246114461,1,340,240,0.01763269,138.3490016,0.056300566,1,710,280,0.008133779,19.3269937
earlySyst_s12.wav,1,240,600,360,570,0.274675372,1,290,250,0.017944444,134.8167602,0.052127993,1,660,320,0.00805809,19.60074423
earlySyst_s13.wav,1,280,640,360,590,0.272275685,1,330,250,0.017503017,142.5053724,0.057759798,1,700,310,0.008121743,21.35761607
earlySyst_s14.wav,1,320,660,340,590,0.264425242,1,370,230,0.017848395,149.1372194,0.050207023,1,740,180,0.008299744,24.45649355
earlySyst_s15.wav,1,280,640,360,570,0.276099217,1,330,250,0.018050843,134.5991707,0.053246222,1,700,470,0.008065172,22.38415897
earlySyst_s16.wav,1,270,630,360,590,0.255685284,1,330,240,0.017380878,148.2200961,0.052888462,1,690,470,0.008109842,21.2568947
earlySyst_s17.wav,1,280,630,350,580,0.26801256,1,330,240,0.017409542,149.6110377,0.050574969,1,700,470,0.008032431,18.6966169
earlySyst_s18.wav,1,240,580,340,590,0.259020887,1,290,230,0.017929036,146.9738395,0.052422721,1,660,280,0.008167485,22.52672105
earlySyst_s19.wav,1,240,570,330,600,0.233292236,1,280,230,0.017947112,151.5510995,0.054149875,1,630,430,0.008099885,20.07675992
earlySyst_s20.wav,1,290,640,350,580,0.255003646,1,330,250,0.017396612,150.7584205,0.05323212,1,700,150,0.008147844,28.60716971
earlySyst_s21.wav,1,230,580,350,600,0.230816115,1,290,240,0.017902299,135.1397077,0.059070608,1,650,130,0.008362812,21.89117601
midSyst_s01.wav,1,470,840,370,590,0.257699903,1,550,200,0.025251755,331.4973841,0.136753611,0,0,0,0,0
midSyst_s02.wav,1,260,600,340,600,0.228800068,1,360,160,0.02589371,339.1434297,0.14784608,0,0,0,0,0
midSyst_s03.wav,1,290,630,340,610,0.274076797,1,390,160,0.026365011,328.4328891,0.153909526,0,0,0,0,0
midSyst_s04.wav,1,300,660,360,590,0.268354111,1,390,190,0.025655653,337.430319,0.164101556,0,0,0,0,0
midSyst_s05.wav,1,300,640,340,610,0.276772966,1,400,160,0.026383084,328.2144227,0.153079023,0,0,0,0,0
midSyst_s06.wav,1,310,670,360,590,0.266690329,1,400,190,0.025614735,337.0459568,0.164678893,0,0,0,0,0
midSyst_s07.wav,1,280,640,360,590,0.24455753,1,370,200,0.025155341,336.792934,0.160011092,0,0,0,0,0
midSyst_s08.wav,1,260,620,360,590,0.281313326,1,370,160,0.025951107,333.1267974,0.168290445,0,0,0,0,0
midSyst_s09.wav,1,260,620,360,590,0.239482583,1,350,200,0.024791362,332.5793315,0.152692054,0,0,0,0,0
midSyst_s10.wav,1,310,670,360,590,0.254796433,1,410,180,0.025100279,331.0606428,0.158682359,0,0,0,0,0
midSyst_s11.wav,1,300,660,360,590,0.235023768,1,390,200,0.024809025,332.7448232,0.149886752,0,0,0,0,0
midSyst_s12.wav,1,300,660,360,590,0.250580404,1,400,180,0.025103735,331.7491318,0.156796272,0,0,0,0,0
midSyst_s13.wav,1,310,670,360,590,0.230754871,1,400,200,0.024832921,333.4485017,0.147122765,0,0,0,0,0
midSyst_s14.wav,1,320,680,360,590,0.246521441,1,400,200,0.025210468,332.2844803,0.154598904,0,0,0,0,0
midSyst_s15.wav,1,300,660,360,590,0.269908307,1,390,190,0.025747225,336.0780617,0.160825399,0,0,0,0,0
midSyst_s16.wav,1,270,630,360,590,0.285161812,1,360,180,0.026020153,333.8317463,0.151968518,0,0,0,0,0
midSyst_s17.wav,1,240,600,360,590,0.269779617,1,330,190,0.025721851,337.2664514,0.162382599,0,0,0,0,0
midSyst_s18.wav,1,230,590,360,590,0.287580545,1,320,180,0.025948607,334.5734321,0.154916388,0,0,0,0,0
midSyst_s19.wav,1,290,650,360,590,0.288233788,1,400,160,0.026035913,330.7687148,0.167372257,0,0,0,0,0
midSyst_s20.wav,1,300,660,360,590,0.283857796,1,400,160,0.026298732,328.9985987,0.155466565,0,0,0,0,0
midSyst_s21.wav,1,300,660,360,590,0.266258628,1,400,160,0.026103539,328.9389203,0.161986049,0,0,0,0,0
midSyst_s22.wav,1,320,660,340,610,0.238014048,1,390,200,0.025196062,331.4171077,0.143994743,0,0,0,0,0
midSyst_s23.wav,1,230,590,360,590,0.261768002,1,330,160,0.02608432,330.0211557,0.16097816,0,0,0,0,0
midSyst_s24_JUST2.wav,1,310,670,360,590,0.236168528,1,380,200,0.025197088,331.1585727,0.141378112,0,0,0,0,0
holoSyst_s01.wav,1,300,640,340,600,0.245222069,0,0,0,0,0,0.25757149,0,0,0,0,0
holoSyst_s02.wav,1,350,690,340,600,0.233094951,0,0,0,0,0,0.246382108,0,0,0,0,0
holoSyst_s03.wav,1,340,680,340,590,0.223381012,0,0,0,0,0,0.217437882,0,0,0,0,0
holoSyst_s04.wav,1,350,690,340,570,0.223364195,0,0,0,0,0,0.221728221,0,0,0,0,0
holoSyst_s05.wav,1,250,590,340,590,0.252640297,0,0,0,0,0,0.241387676,0,0,0,0,0
holoSyst_s06.wav,1,210,570,360,580,0.226041291,0,0,0,0,0,0.216577552,0,0,0,0,0
holoSyst_s07.wav,1,320,660,340,600,0.249128526,0,0,0,0,0,0.228647782,0,0,0,0,0
holoSyst_s08.wav,1,290,650,360,590,0.235674959,0,0,0,0,0,0.221276524,0,0,0,0,0
holoSyst_s09.wav,1,340,680,340,590,0.250911192,0,0,0,0,0,0.230510162,0,0,0,0,0
holoSyst_s10.wav,1,280,640,360,600,0.233693549,0,0,0,0,0,0.232435792,0,0,0,0,0
holoSyst_s11.wav,1,270,610,340,590,0.236488783,0,0,0,0,0,0.235401505,0,0,0,0,0
holoSyst_s12.wav,1,280,620,340,600,0.202510876,0,0,0,0,0,0.211517669,0,0,0,0,0
holoSyst_s13.wav,1,320,660,340,600,0.250743124,0,0,0,0,0,0.24981548,0,0,0,0,0
holoSyst_s14.wav,1,280,620,340,570,0.248206797,0,0,0,0,0,0.261832663,0,0,0,0,0
holoSyst_s15.wav,1,280,620,340,600,0.228716291,0,0,0,0,0,0.220124579,0,0,0,0,0
holoSyst_s16.wav,1,260,620,360,580,0.239694993,0,0,0,0,0,0.221982089,0,0,0,0,0
holoSyst_s17.wav,1,340,680,340,600,0.24482457,0,0,0,0,0,0.227433224,0,0,0,0,0
holoSyst_s18.wav,1,270,630,360,600,0.231189291,0,0,0,0,0,0.210507099,0,0,0,0,0
holoSyst_s19.wav,1,320,660,340,590,0.236768899,0,0,0,0,0,0.218378423,0,0,0,0,0
holoSyst_s20.wav,1,280,640,360,590,0.219347116,0,0,0,0,0,0.220799134,0,0,0,0,0
holoSyst_s21.wav,1,280,620,340,600,0.239096948,0,0,0,0,0,0.255801939,0,0,0,0,0
lateSyst_s01.wav,1,340,680,340,610,0.300865929,0,0,0,0,0,0.229079303,0,0,0,0,0
lateSyst_s02.wav,1,310,660,350,590,0.253619317,0,0,0,0,0,0.232179233,0,0,0,0,0
lateSyst_s03.wav,1,240,580,340,610,0.254146668,0,0,0,0,0,0.229953881,0,0,0,0,0
lateSyst_s04.wav,1,280,630,350,650,0.295191787,0,0,0,0,0,0.194461702,0,0,0,0,0
lateSyst_s05.wav,1,260,600,340,600,0.275871804,0,0,0,0,0,0.22950496,0,0,0,0,0
lateSyst_s06.wav,1,280,640,360,590,0.274549981,0,0,0,0,0,0.253509055,0,0,0,0,0
lateSyst_s07.wav,1,290,630,340,600,0.240609113,0,0,0,0,0,0.237400927,0,0,0,0,0
lateSyst_s08.wav,1,250,590,340,600,0.241093174,0,0,0,0,0,0.270886446,0,0,0,0,0
lateSyst_s09.wav,1,290,650,360,610,0.250933697,0,0,0,0,0,0.258470112,0,0,0,0,0
lateSyst_s10.wav,1,260,610,350,600,0.25780021,0,0,0,0,0,0.226660704,0,0,0,0,0
lateSyst_s11.wav,1,310,660,350,600,0.29042836,0,0,0,0,0,0.216049074,0,0,0,0,0
lateSyst_s12.wav,1,330,680,350,610,0.235158099,0,0,0,0,0,0.249636563,0,0,0,0,0
lateSyst_s13.wav,1,280,620,340,600,0.274123911,0,0,0,0,0,0.229937033,0,0,0,0,0
lateSyst_s14.wav,1,320,670,350,650,0.292437585,0,0,0,0,0,0.203285922,0,0,0,0,0
lateSyst_s15.wav,1,300,660,360,590,0.28846128,0,0,0,0,0,0.227487457,0,0,0,0,0
lateSyst_s16.wav,1,310,670,360,590,0.254355893,0,0,0,0,0,0.240415705,0,0,0,0,0
lateSyst_s18.wav,1,290,630,340,600,0.285298442,0,0,0,0,0,0.241722336,0,0,0,0,0
lateSyst_s19.wav,1,300,640,340,630,0.26907222,0,0,0,0,0,0.23929513,0,0,0,0,0
lateSyst_s20.wav,1,250,610,360,590,0.267956259,0,0,0,0,0,0.279222011,0,0,0,0,0
lateSyst_s21.wav,1,310,660,350,600,0.270931809,0,0,0,0,0,0.230718809,0,0,0,0,0
healthy2_s01.wav,0,270,540,270,440,0.167514015,0,0,0,0,0,0.153212874,0,0,0,0,0
healthy2_s02.wav,0,200,480,280,430,0.216674302,0,0,0,0,0,0.16943169,0,0,0,0,0
healthy2_s03.wav,0,190,460,270,430,0.215164452,0,0,0,0,0,0.159882853,0,0,0,0,0
healthy2_s04.wav,0,170,450,280,440,0.235617283,0,0,0,0,0,0.224065412,0,0,0,0,0
healthy2_s05.wav,0,150,430,280,440,0.184677181,0,0,0,0,0,0.183203927,0,0,0,0,0
healthy2_s06.wav,0,170,470,300,430,0.169590069,0,0,0,0,0,0.1316977,0,0,0,0,0
healthy2_s07.wav,0,220,480,260,430,0.179726974,0,0,0,0,0,0.187746548,0,0,0,0,0
healthy2_s08.wav,0,220,480,260,430,0.195237664,0,0,0,0,0,0.17004222,0,0,0,0,0
healthy2_s09.wav,0,240,510,270,420,0.206144056,0,0,0,0,0,0.219116734,0,0,0,0,0
healthy2_s10.wav,0,210,470,260,440,0.183733079,0,0,0,0,0,0.196856637,0,0,0,0,0
healthy2_s11.wav,0,190,460,270,440,0.275514911,0,0,0,0,0,0.186539723,1,830,10,0.051408209,76.59587598
healthy2_s12.wav,0,250,530,280,440,0.24201506,0,0,0,0,0,0.187318075,0,0,0,0,0
healthy2_s13.wav,0,190,450,260,440,0.274767398,0,0,0,0,0,0.172624683,0,0,0,0,0
healthy2_s14.wav,0,180,460,280,440,0.277295326,0,0,0,0,0,0.210128723,0,0,0,0,0
healthy2_s15.wav,0,190,450,260,440,0.214840464,0,0,0,0,0,0.197125264,0,0,0,0,0
healthy2_s16.wav,0,200,480,280,440,0.225143785,0,0,0,0,0,0.196280055,1,850,10,0.057437319,104.1763405
healthy2_s17.wav,0,180,460,280,430,0.193379587,0,0,0,0,0,0.181730494,0,0,0,0,0
healthy2_s18.wav,0,160,440,280,430,0.170901065,0,0,0,0,0,0.190443306,0,0,0,0,0
healthy2_s19.wav,0,210,480,270,420,0.16524647,0,0,0,0,0,0.210314243,0,0,0,0,0
healthy2_s20.wav,0,180,480,300,430,0.166421126,1,240,20,0.069695013,59.02884292,0.076473609,0,0,0,0,0
healthy2_s21.wav,0,200,460,260,430,0.241556926,0,0,0,0,0,0.177258357,0,0,0,0,0
healthy2_s22.wav,0,210,490,280,410,0.189342426,0,0,0,0,0,0.194081272,0,0,0,0,0
healthy2_s23.wav,0,220,480,260,440,0.216445909,0,0,0,0,0,0.219636555,0,0,0,0,0
healthy2_s24.wav,0,220,490,270,440,0.230803561,0,0,0,0,0,0.178426561,1,860,10,0.09363255,64.11054008
healthy2_s25.wav,0,230,500,270,440,0.291649393,0,0,0,0,0,0.179263261,0,0,0,0,0
healthy2_s26.wav,0,200,480,280,440,0.205559643,0,0,0,0,0,0.210940981,0,0,0,0,0
healthy2_s27.wav,0,170,450,280,420,0.24909321,0,0,0,0,0,0.185373873,0,0,0,0,0
healthy2_s28.wav,0,220,500,280,440,0.202892337,0,0,0,0,0,0.200889643,0,0,0,0,0
healthy2_s29.wav,0,210,490,280,430,0.186733753,0,0,0,0,0,0.194841333,0,0,0,0,0
healthy2_s30.wav,0,190,490,300,420,0.161735538,0,0,0,0,0,0.180975396,0,0,0,0,0
healthy2_s31.wav,0,160,460,300,430,0.173752985,1,220,20,0.044018869,49.61645653,0.113382725,0,0,0,0,0
healthy2_s32.wav,0,240,500,260,430,0.224202427,0,0,0,0,0,0.18652871,0,0,0,0,0
healthy2_s33.wav,0,220,500,280,410,0.222703682,0,0,0,0,0,0.167589279,0,0,0,0,0
healthy2_s34_JUST2.wav,0,240,510,270,440,0.231189346,0,0,0,0,0,0.220522695,0,0,0,0,0
lateSyt&Click_s01.wav,1,450,770,320,520,0.48242464,0,0,0,0,0,0.333530594,0,0,0,0,0
lateSyt&Click_s02.wav,1,290,600,310,530,0.430712586,0,0,0,0,0,0.364570724,0,0,0,0,0
lateSyt&Click_s03.wav,1,250,580,330,530,0.430151433,1,370,20,0.042009312,160.7570984,0.368857354,0,0,0,0,0
lateSyt&Click_s04.wav,1,280,580,300,540,0.380714912,0,0,0,0,0,0.35918019,0,0,0,0,0
lateSyt&Click_s05.wav,1,280,600,320,540,0.444833956,0,0,0,0,0,0.385735895,0,0,0,0,0
lateSyt&Click_s06.wav,1,290,610,320,520,0.487555644,1,400,20,0.043029895,169.4265765,0.315470725,0,0,0,0,0
lateSyt&Click_s07.wav,1,250,560,310,530,0.399087907,0,0,0,0,0,0.390912042,0,0,0,0,0
lateSyt&Click_s09.wav,1,280,580,300,540,0.385485978,1,380,20,0.036869487,213.3253125,0.350726129,0,0,0,0,0
lateSyt&Click_s10.wav,1,300,620,320,540,0.464145672,0,0,0,0,0,0.368435837,0,0,0,0,0
lateSyt&Click_s11.wav,1,280,590,310,530,0.476866943,1,390,20,0.060691406,177.0898646,0.321921817,0,0,0,0,0
lateSyt&Click_s12.wav,1,230,560,330,530,0.376894179,1,360,20,0.03165756,184.1663105,0.400676741,0,0,0,0,0
lateSyt&Click_s13.wav,1,280,600,320,520,0.425557855,1,390,20,0.041878686,156.5254779,0.365036841,0,0,0,0,0
lateSyt&Click_s14.wav,1,240,540,300,540,0.410254473,1,340,20,0.078023322,165.8850323,0.320805473,0,0,0,0,0
lateSyt&Click_s15.wav,1,240,560,320,540,0.473569828,0,0,0,0,0,0.315069261,0,0,0,0,0
lateSyt&Click_s16.wav,1,300,610,310,540,0.416954435,0,0,0,0,0,0.37296304,0,0,0,0,0
lateSyt&Click_s17.wav,1,210,530,320,540,0.424126913,1,320,20,0.06047815,188.3146578,0.3997457,0,0,0,0,0
lateSyt&Click_s18.wav,1,250,570,320,520,0.463340427,0,0,0,0,0,0.310745128,0,0,0,0,0
lateSyt&Click_s19.wav,1,260,590,330,530,0.42033782,1,380,20,0.076775769,168.5278869,0.366699087,0,0,0,0,0
lateSyt&Click_s20.wav,1,300,630,330,520,0.429126919,0,0,0,0,0,0.334309707,0,0,0,0,0
lateSyt&Click_s21.wav,1,270,590,320,540,0.392953175,0,0,0,0,0,0.372049475,0,0,0,0,0
lateSyt&Click_s22.wav,1,250,570,320,540,0.478282799,0,0,0,0,0,0.330658065,0,0,0,0,0
lateSyt&Click_s23.wav,1,290,600,310,530,0.42894346,0,0,0,0,0,0.383367432,0,0,0,0,0
lateSyt&Click_s24.wav,1,240,560,320,540,0.409590124,1,350,20,0.063461697,184.0760078,0.40017297,0,0,0,0,0
midSystClick_s01.wav,1,480,810,330,530,0.409563561,1,600,20,0.054591754,175.0136219,0.403031713,0,0,0,0,0
midSystClick_s02.wav,1,270,590,320,520,0.399839927,0,0,0,0,0,0.33067039,0,0,0,0,0
midSystClick_s03.wav,1,260,580,320,540,0.399956439,1,380,20,0.049143369,178.2263191,0.37615131,0,0,0,0,0
midSystClick_s04.wav,1,300,620,320,540,0.477785833,1,420,20,0.063868695,143.8138789,0.354575093,0,0,0,0,0
midSystClick_s05.wav,1,230,540,310,530,0.462758163,0,0,0,0,0,0.35085797,0,0,0,0,0
midSystClick_s06.wav,1,220,550,330,530,0.416252589,1,340,20,0.050135391,154.9676577,0.399426256,0,0,0,0,0
midSystClick_s07.wav,1,250,580,330,520,0.39153351,1,360,20,0.042568676,175.9018427,0.329294831,0,0,0,0,0
midSystClick_s08.wav,1,290,610,320,540,0.395432243,1,410,20,0.049502676,185.9626614,0.383959451,0,0,0,0,0
midSystClick_s09.wav,1,270,590,320,540,0.461218432,1,380,20,0.041058622,152.7361029,0.362157228,0,0,0,0,0
midSystClick_s10.wav,1,230,540,310,530,0.46105623,0,0,0,0,0,0.332144577,0,0,0,0,0
midSystClick_s11.wav,1,230,560,330,530,0.43566985,0,0,0,0,0,0.383884199,0,0,0,0,0
midSystClick_s12.wav,1,310,640,330,530,0.406983685,0,0,0,0,0,0.334895126,0,0,0,0,0
midSystClick_s13.wav,1,250,570,320,540,0.382613063,1,370,20,0.042802426,173.5415989,0.391502283,0,0,0,0,0
midSystClick_s14.wav,1,240,560,320,540,0.477405483,1,350,20,0.042275384,171.1477408,0.361719973,0,0,0,0,0
midSystClick_s15.wav,1,320,630,310,530,0.463182073,1,420,20,0.04330403,170.4118363,0.34728443,0,0,0,0,0
midSystClick_s16.wav,1,220,550,330,530,0.406585638,1,340,30,0.05426619,134.7227715,0.409001936,0,0,0,0,0
midSystClick_s17.wav,1,280,600,320,520,0.419978207,0,0,0,0,0,0.336447152,0,0,0,0,0
midSystClick_s18.wav,1,300,620,320,540,0.429509787,1,420,20,0.036843817,158.5578318,0.350955857,0,0,0,0,0
midSystClick_s19.wav,1,290,610,320,540,0.481691029,0,0,0,0,0,0.334361437,0,0,0,0,0
midSystClick_s20.wav,1,290,600,310,530,0.43587651,0,0,0,0,0,0.378262882,0,0,0,0,0
midSystClick_s21.wav,1,320,640,320,540,0.409482752,1,430,20,0.039192359,182.137912,0.40370148,0,0,0,0,0
midSystClick_s22.wav,1,280,600,320,520,0.455804039,0,0,0,0,0,0.306744478,0,0,0,0,0
midSystClick_s24_JUST2.wav,1,280,610,330,530,0.442508236,1,400,20,0.031918815,115.5236537,0.311663252,0,0,0,0,0
holoSyst&S3_s03.wav,1,170,450,280,470,0.144951405,1,230,180,0.027509647,382.8239783,0.507358997,1,540,90,0.108644098,67.22791655
holoSyst&S3_s04.wav,1,150,430,280,470,0.143876584,1,210,190,0.028543825,365.0153639,0.484718394,1,520,80,0.1176931,79.89242908
holoSyst&S3_s05.wav,1,150,430,280,470,0.150076074,1,210,190,0.026638569,366.6982173,0.443908744,1,520,90,0.108890082,78.21936002
holoSyst&S3_s06.wav,1,200,490,290,460,0.135597353,1,260,190,0.027467985,362.3332164,0.459528318,1,570,90,0.110734559,72.15282935
holoSyst&S3_s07.wav,1,170,460,290,460,0.135963331,1,230,190,0.027989419,357.228149,0.484453238,1,550,80,0.116977448,73.10201293
holoSyst&S3_s08.wav,1,170,450,280,470,0.116693036,1,230,180,0.028256815,362.1242933,0.525472034,1,540,90,0.11038214,64.84860372
holoSyst&S3_s09.wav,1,210,490,280,470,0.13297001,1,270,180,0.029030424,353.9966653,0.536601365,1,580,80,0.1170849,76.54028582
holoSyst&S3_s10.wav,1,150,430,280,470,0.143330029,1,210,180,0.02931049,369.5154163,0.516230377,1,520,90,0.113312442,68.06673132
holoSyst&S3_s11.wav,1,180,460,280,470,0.146970625,1,240,180,0.028674553,370.0786258,0.488696625,1,550,80,0.117912872,77.84987925
holoSyst&S3_s12.wav,1,200,490,290,460,0.133853844,1,260,180,0.02728273,358.7675063,0.451402113,1,570,90,0.111727759,71.41275327
holoSyst&S3_s13.wav,1,160,450,290,460,0.122395002,1,220,190,0.028574556,364.9028275,0.49414552,1,530,80,0.115591697,80.96811978
holoSyst&S3_s14.wav,1,160,460,300,450,0.124622682,1,220,20,0.027623796,413.8496323,0.524595065,1,550,80,0.121377131,63.30356474
holoSyst&S3_s15.wav,1,150,450,300,450,0.131674395,1,210,200,0.030611047,351.7046792,0.52148715,1,540,70,0.129076164,82.05136497
holoSyst&S3_s16.wav,1,150,450,300,450,0.136408163,1,210,200,0.029582837,368.2219987,0.481425629,1,540,80,0.12150614,70.52888055
holoSyst&S3_s17.wav,1,170,470,300,470,0.126091923,1,230,200,0.03048084,362.7637127,0.436065826,1,560,80,0.120420204,78.0536424
holoSyst&S3_s18.wav,1,240,540,300,450,0.129777647,1,300,190,0.027523249,367.212572,0.490846089,1,620,80,0.119435518,72.78944157
holoSyst&S3_s19.wav,1,150,450,300,450,0.143346787,1,210,200,0.026643532,343.6979092,0.495256373,1,530,90,0.112505352,69.79875214
holoSyst&S3_s20.wav,1,160,460,300,450,0.148783467,1,220,200,0.027041764,364.7885419,0.456254902,1,540,80,0.11675186,77.24290241
holoSyst&S3_s21.wav,1,150,450,300,450,0.142859757,1,210,200,0.029649006,346.868023,0.408064336,1,530,90,0.111782688,70.33496344
holoSyst&S3_s22.wav,1,150,430,280,470,0.138608141,1,210,190,0.026821215,364.9314114,0.452307145,1,520,80,0.115426183,81.59426783
holoSyst&S3_s23.wav,1,150,430,280,470,0.14906281,1,200,200,0.026547186,367.5241059,0.462610645,1,530,80,0.122734308,68.91142286
holoSyst&S3_s24.wav,1,180,470,290,460,0.150991574,1,240,190,0.027532994,360.909569,0.416019794,1,560,80,0.116460265,73.29174432
holoSyst&S3_s25.wav,1,140,430,290,460,0.140192003,1,190,170,0.030762143,362.1663839,0.4687535,1,520,80,0.119756302,70.8942836
holoSyst&S3_s26.wav,1,180,460,280,470,0.125887003,1,240,180,0.029452642,368.3348753,0.527347104,1,550,90,0.110713366,68.00207894
holoSyst&S3_s27.wav,1,130,410,280,470,0.130518922,1,190,180,0.03266159,359.1340446,0.516604707,1,500,80,0.117034353,75.2251298
holoSyst&S3_s28.wav,1,180,470,290,460,0.124723994,1,240,180,0.027986382,361.3079579,0.438189821,1,550,90,0.112472954,68.89027779
holoSyst&S3_s29.wav,1,120,420,300,450,0.126593505,1,180,190,0.026901365,368.5264945,0.50066399,1,500,80,0.11625588,80.18848703
syst&diast_s02.wav,3,270,430,160,560,0.433158986,1,330,40,0.079506702,181.6421538,0.119239314,0,0,0,0,0
syst&diast_s03.wav,3,250,430,180,540,0.431288478,1,300,70,0.064236069,178.6367597,0.11583129,1,530,20,0.012617484,406.800586
syst&diast_s04.wav,3,240,370,130,590,0.451768137,1,290,20,0.081796069,171.2732821,0.172284454,1,430,20,0.03205543,126.9119261
syst&diast_s05.wav,3,190,370,180,540,0.463258615,1,250,60,0.110835353,156.2682779,0.088306117,0,0,0,0,0
syst&diast_s06.wav,3,170,360,190,530,0.456808662,1,230,70,0.102860718,166.1377531,0.088283217,1,590,20,0.008768915,405.8827612
syst&diast_s07.wav,3,130,280,150,570,0.457980506,1,190,30,0.085058277,180.7165074,0.074011415,0,0,0,0,0
syst&diast_s08.wav,3,250,440,190,530,0.461389579,1,310,70,0.087383426,161.2406525,0.078510362,1,620,20,0.011807319,424.8202276
syst&diast_s09.wav,3,240,380,140,580,0.448337266,1,280,40,0.106589127,186.4019274,0.113088823,1,440,20,0.019221057,86.79207345
syst&diast_s10.wav,3,220,380,160,560,0.43780485,1,280,40,0.071379448,181.6092258,0.097263396,0,0,0,0,0
syst&diast_s11.wav,3,280,450,170,550,0.454158564,1,320,70,0.075241438,177.5650478,0.100582042,0,0,0,0,0
syst&diast_s13.wav,3,200,370,170,550,0.438705965,1,260,50,0.062406509,173.6729723,0.098483365,0,0,0,0,0
syst&diast_s15.wav,3,180,340,160,560,0.417291561,1,210,70,0.096162605,171.7285146,0.079716936,0,0,0,0,0
syst&diast_s16.wav,3,210,340,130,590,0.411558581,1,270,10,0.053047494,150.1499142,0.130482425,1,400,20,0.016136599,95.78426207
syst&diast_s17.wav,3,250,400,150,570,0.423827649,1,310,30,0.111616251,151.9366247,0.085966435,0,0,0,0,0
syst&diast_s18.wav,3,220,400,180,540,0.403394664,1,250,90,0.061557446,166.5952878,0.10147515,0,0,0,0,0
syst&diast_s19.wav,3,260,430,170,550,0.405160956,1,320,50,0.079871806,163.0297249,0.079835833,0,0,0,0,0
syst&diast_s20.wav,3,240,400,160,560,0.413426693,1,270,70,0.066010035,188.6229056,0.086934327,0,0,0,0,0
syst&diast_s21.wav,3,220,370,150,590,0.397242061,1,280,30,0.06200124,158.5413726,0.080199736,0,0,0,0,0
syst&diast_s22.wav,3,210,400,190,550,0.415481714,1,270,70,0.087476499,182.0667611,0.092055831,0,0,0,0,0
syst&diast_s23.wav,3,200,390,190,540,0.402381,1,260,70,0.077355791,172.2197138,0.112638871,0,0,0,0,0
syst&diast_s24.wav,3,300,480,180,550,0.452778839,1,360,60,0.076052588,192.5013781,0.089480208,0,0,0,0,0
syst&diast_s25.wav,3,290,480,190,540,0.466745599,1,350,70,0.058044781,172.7826829,0.071995386,0,0,0,0,0
syst&diast_s26.wav,3,210,400,190,540,0.450270545,1,270,70,0.113079748,170.4884529,0.108020065,0,0,0,0,0
syst&diast_s28.wav,3,240,390,150,570,0.476143559,1,300,30,0.078887932,163.3952044,0.190905343,0,0,0,0,0
healthy3_s01.wav,0,310,650,340,530,0.430461812,0,0,0,0,0,0.414301414,0,0,0,0,0
healthy3_s02.wav,0,280,610,330,530,0.367913733,0,0,0,0,0,0.472175686,0,0,0,0,0
healthy3_s03.wav,0,230,560,330,600,0.432592995,0,0,0,0,0,0.43423515,0,0,0,0,0
healthy3_s04.wav,0,260,600,340,530,0.409813962,0,0,0,0,0,0.458649244,0,0,0,0,0
healthy3_s05.wav,0,250,580,330,530,0.376737709,0,0,0,0,0,0.500488214,0,0,0,0,0
healthy3_s06.wav,0,220,530,310,550,0.376412356,0,0,0,0,0,0.457250869,0,0,0,0,0
healthy3_s07.wav,0,230,550,320,530,0.365621086,0,0,0,0,0,0.47211855,0,0,0,0,0
healthy3_s08.wav,0,320,630,310,550,0.360112634,0,0,0,0,0,0.462564085,0,0,0,0,0
healthy3_s09.wav,0,220,530,310,550,0.419681248,0,0,0,0,0,0.415453479,0,0,0,0,0
healthy3_s10.wav,0,210,540,330,610,0.399540895,0,0,0,0,0,0.360807395,0,0,0,0,0
healthy3_s11.wav,0,250,580,330,530,0.388296411,0,0,0,0,0,0.470535376,0,0,0,0,0
healthy3_s12.wav,0,240,570,330,530,0.439110005,0,0,0,0,0,0.416906787,0,0,0,0,0
healthy3_s13.wav,0,240,580,340,530,0.391149048,0,0,0,0,0,0.480460569,0,0,0,0,0
healthy3_s14.wav,0,250,580,330,530,0.392850206,0,0,0,0,0,0.496295328,0,0,0,0,0
healthy3_s15.wav,0,230,540,310,550,0.380641454,0,0,0,0,0,0.434090865,0,0,0,0,0
healthy3_s16.wav,0,220,540,320,530,0.357499637,0,0,0,0,0,0.489254645,0,0,0,0,0
healthy3_s17.wav,0,250,580,330,620,0.377213907,0,0,0,0,0,0.497490494,0,0,0,0,0
healthy3_s18.wav,0,230,550,320,540,0.422266579,0,0,0,0,0,0.411925852,0,0,0,0,0
healthy3_s19.wav,0,240,560,320,550,0.383108706,0,0,0,0,0,0.476292093,0,0,0,0,0
healthy3_s20.wav,0,240,570,330,530,0.411735264,0,0,0,0,0,0.464873276,0,0,0,0,0
healthy3_s21.wav,0,180,510,330,530,0.43946472,0,0,0,0,0,0.402516329,0,0,0,0,0
healthy3_s22.wav,0,300,640,340,530,0.376071824,0,0,0,0,0,0.492332163,0,0,0,0,0
healthy3_s23.wav,0,260,590,330,530,0.408382549,0,0,0,0,0,0.486988423,0,0,0,0,0
midSyst_T11_s01.wav,1,450,700,250,480,0.230472321,1,510,130,0.031018787,151.9983758,0.076697463,1,1130,20,0.03340556,157.5600019
midSyst_T11_s02.wav,1,270,500,230,460,0.219889655,1,330,110,0.044954411,142.3498987,0.178316976,0,0,0,0,0
midSyst_T11_s03.wav,1,210,450,240,440,0.182404155,1,270,130,0.032895904,128.3641017,0.210218439,0,0,0,0,0
midSyst_T11_s04.wav,1,180,440,260,470,0.167358963,1,240,120,0.020516938,126.7505065,0.151637266,0,0,0,0,0
midSyst_T11_s05.wav,1,210,470,260,450,0.198586102,1,270,140,0.037585277,125.3793148,0.223841613,0,0,0,0,0
midSyst_T11_s06.wav,1,210,480,270,490,0.220982995,1,270,150,0.028556236,138.937059,0.066101019,1,920,20,0.022635432,137.6081259
midSyst_T11_s07.wav,1,210,440,230,450,0.18182707,1,270,110,0.037614587,131.8106993,0.119598908,0,0,0,0,0
midSyst_T11_s08.wav,1,140,370,230,440,0.168638787,1,200,120,0.027370531,135.9322153,0.159994585,0,0,0,0,0
midSyst_T11_s09.wav,1,270,520,250,490,0.207681233,1,330,140,0.023727817,123.4875943,0.156561021,0,0,0,0,0
midSyst_T11_s10.wav,1,200,460,260,440,0.216388573,1,260,150,0.039669678,136.2194425,0.226770892,0,0,0,0,0
midSyst_T11_s11.wav,1,170,400,230,460,0.265687435,1,230,110,0.046607207,138.7967161,0.157925477,1,820,10,0.023260508,130.2621649
midSyst_T11_s12.wav,1,210,450,240,440,0.124848441,1,270,140,0.031796178,140.0067772,0.216611023,1,850,10,0.01886895,161.9556507
midSyst_T11_s13.wav,1,230,480,250,480,0.163166761,1,290,120,0.01949727,137.5817647,0.139333098,0,0,0,0,0
midSyst_T11_s14.wav,1,200,450,250,460,0.23341831,1,250,140,0.038642708,126.6491661,0.183865483,0,0,0,0,0
earlyDiast_v3T10_s02.wav,2,120,470,350,660,0.271511078,0,0,0,0,0,0.356658037,1,530,370,0.228926546,126.0557304
earlyDiast_v3T10_s03.wav,2,100,450,350,650,0.266843126,0,0,0,0,0,0.339298096,1,510,360,0.224145647,122.1817474
earlyDiast_v3T10_s04.wav,2,130,480,350,670,0.30853302,0,0,0,0,0,0.381259969,1,540,370,0.231559749,125.3939158
earlyDiast_v3T10_s05.wav,2,130,480,350,650,0.262601725,0,0,0,0,0,0.334681193,1,540,360,0.224238984,122.204353
earlyDmidS_v3T24_s01.wav,2,180,530,350,650,0.137126872,1,240,250,0.094164279,176.6793361,0.282851969,0,0,0,0,0
earlyDmidS_v3T24_s02.wav,2,250,570,320,690,0.336596629,1,320,180,0.102398578,192.2695648,0.247320557,1,1180,30,0.107387839,153.7260175
earlyDmidS_v3T24_s03.wav,2,300,680,380,610,0.318956502,1,340,200,0.097802702,172.9682692,0.08901062,1,740,100,0.035449063,351.9113872
earlyDmidS_v3T24_s04.wav,2,260,660,400,600,0.306899329,1,320,200,0.091449989,185.0842291,0.08010493,1,720,90,0.030551475,378.0479392
earlySyst_v2T14_s01.wav,1,400,760,360,690,0.240978326,1,460,160,0.040393029,396.3192377,0.201879272,0,0,0,0,0
earlySyst_v2T14_s02.wav,1,330,690,360,660,0.276202901,1,390,140,0.04631807,377.2115138,0.150435588,0,0,0,0,0
earlySyst_v2T14_s03.wav,1,340,700,360,660,0.301676907,1,400,150,0.0470636,391.7914263,0.225058933,0,0,0,0,0
earlySyst_v2T14_s04.wav,1,380,740,360,650,0.342900255,1,440,170,0.04477808,387.9229436,0.203056437,0,0,0,0,0
healthy1_s01.wav,0,330,620,290,500,0.462612308,0,0,0,0,0,0.128775619,1,680,20,0.017724729,29.85585149
healthy1_s02.wav,0,250,550,300,500,0.555754325,0,0,0,0,0,0.125526675,1,610,20,0.018950903,16.68789404
healthy1_s03.wav,0,230,550,320,500,0.458313948,0,0,0,0,0,0.142447757,0,0,0,0,0
healthy1_s04.wav,0,220,510,290,500,0.487383913,0,0,0,0,0,0.126732687,1,570,20,0.01791914,31.22715276
healthy1_s05.wav,0,230,530,300,500,0.558709362,0,0,0,0,0,0.122565499,1,590,20,0.019113682,16.78520426
healthy1_s06.wav,0,220,530,310,500,0.445115278,0,0,0,0,0,0.141775868,0,0,0,0,0
healthy1_s07.wav,0,260,550,290,500,0.490283861,0,0,0,0,0,0.119583591,1,610,20,0.018159771,24.72293005
healthy1_s08.wav,0,230,530,300,500,0.541389138,0,0,0,0,0,0.129738275,1,590,20,0.018482333,16.28594251
healthy1_s09.wav,0,220,530,310,500,0.466973564,0,0,0,0,0,0.137629464,0,0,0,0,0
healthy1_s10.wav,0,260,580,320,490,0.503234681,0,0,0,0,0,0.125629719,0,0,0,0,0
healthy_v1T3_s01.wav,0,190,500,310,520,0.220057797,1,260,60,0.021520952,127.3295109,0.351097514,1,850,30,0.025886972,104.6432557
healthy_v1T3_s02.wav,0,240,550,310,500,0.216123861,0,0,0,0,0,0.320731812,1,830,20,0.035160647,82.9546377
healthy_v1T3_s03.wav,0,260,580,320,510,0.359624634,1,320,20,0.042286292,89.253742,0.365511407,0,0,0,0,0
healthy_v1T3_s04.wav,0,280,590,310,500,0.332428996,1,340,30,0.061318995,105.0044407,0.375773248,1,860,20,0.028248489,91.9206492
healthy_v1T3_s05.wav,0,280,600,320,490,0.370359039,1,480,50,0.030773606,95.81247603,0.366506755,1,860,20,0.032990887,119.5016122
holoSyst_v2T13_s01.wav,1,240,570,330,560,0.16756446,1,300,210,0.086262076,194.2526399,0.130748664,1,630,20,0.02362199,91.32305191
holoSyst_v2T13_s02.wav,1,280,600,320,590,0.239206526,1,340,200,0.101128471,170.556901,0.429647488,1,630,60,0.036224402,111.4758849
holoSyst_v2T13_s03.wav,1,340,670,330,580,0.201737671,1,400,210,0.10695447,191.7054256,0.170237223,1,730,20,0.028197033,102.4277755
holoSyst_v2T13_s04.wav,1,260,580,320,590,0.243979017,1,320,200,0.106234343,167.8151767,0.445229153,1,650,20,0.037216119,105.1992587
holoSyst_v2T5_01_s01.wav,1,500,860,360,660,0.209408569,1,560,240,0.053384236,385.4073583,0.149004873,0,0,0,0,0
holoSyst_v2T5_01_s02.wav,1,340,700,360,650,0.229300334,1,400,240,0.065098865,392.4064149,0.045315145,0,0,0,0,0
holoSyst_v2T5_01_s03.wav,1,350,700,350,650,0.227724915,1,410,230,0.048393753,394.83249,0.16722463,0,0,0,0,0
holoSyst_v2T5_01_s04_JUST2.wav,1,330,690,360,670,0.202031216,1,390,240,0.042632408,399.6817894,0.205600518,0,0,0,0,0
holoSyst_v2T5_02_s01.wav,1,370,720,350,660,0.234724002,1,430,230,0.084848551,318.1673346,0.196548496,0,0,0,0,0
holoSyst_v2T5_02_s02.wav,1,350,700,350,650,0.294665527,1,410,230,0.091120391,304.3762716,0.080991414,0,0,0,0,0
holoSyst_v2T5_02_s03.wav,1,400,750,350,650,0.312375556,1,460,230,0.10439195,315.0262704,0.144232534,0,0,0,0,0
holoSyst_v2T5_02_s04.wav,1,370,730,360,650,0.24947659,1,430,240,0.109204154,308.9365383,0.061376597,0,0,0,0,0
holoSyst_v2T5_03_s01.wav,1,130,520,390,660,0.188044637,1,190,270,0.102811947,169.4473115,0.039344177,1,600,520,0.01918461,131.6444969
holoSyst_v2T5_03_s03.wav,1,380,760,380,710,0.259712728,1,440,260,0.10882286,167.0702821,0.039396769,1,810,600,0.014713579,141.4125991
holoSyst_v2T5_03_s04.wav,1,190,630,440,660,0.214060974,1,250,320,0.077263628,158.9789665,0.034816945,1,690,540,0.01721862,121.6783256
holoSyst_v2T5_03_s05.wav,1,150,500,350,740,0.234389648,1,210,230,0.111778595,183.2819327,0.046956719,1,580,160,0.018173896,129.420271
holoSyst_v2T5_04_s01.wav,1,470,760,290,690,0.182372589,1,530,170,0.092276918,143.1720234,0.109165209,1,880,20,0.020676416,113.9506596
holoSyst_v2T5_04_s02.wav,1,330,630,300,650,0.243260295,1,390,180,0.120401462,142.3339605,0.089539388,0,0,0,0,0
holoSyst_v2T5_05_s01.wav,1,240,630,390,610,0.080940213,1,300,140,0.063375844,110.6704033,0.018264567,1,690,490,0.050048771,123.9763899
holoSyst_v2T5_05_s02.wav,1,220,650,430,680,0.213691203,1,280,310,0.098836134,134.2298794,0.061681315,1,710,560,0.038779019,112.2295727
holoSyst_v2T5_05_s03.wav,1,250,660,410,650,0.136114248,1,310,290,0.173093575,142.1689869,0.030160149,1,720,530,0.026891468,111.1019112
holoSyst_v2T5_05_s04.wav,1,300,550,250,750,0.236509111,1,360,130,0.169437803,143.058277,0.091243998,1,1140,100,0.103256686,114.8320268
holoSyst_v2T5_05_s05.wav,1,150,510,360,700,0.121521471,1,210,240,0.144879886,153.2165276,0.026536492,1,570,20,0.013560831,165.8221898
holoSyst_v3T14_s01.wav,1,260,620,360,630,0.187176175,1,320,240,0.083631524,323.0833558,0.235879856,0,0,0,0,0
holoSyst_v3T14_s02.wav,1,330,680,350,640,0.441134203,1,390,230,0.152367205,322.8882056,0.368795776,0,0,0,0,0
holoSyst_v3T14_s03.wav,1,380,730,350,620,0.410535736,1,440,230,0.15032472,325.0624294,0.3725914,0,0,0,0,0
holoSyst_v3T14_s04.wav,1,330,690,360,630,0.411879391,1,390,240,0.153206857,320.9711555,0.377137926,0,0,0,0,0
lateSyst&Click_v1T14_01_s01.wav,1,240,600,360,660,0.375440165,1,390,20,0.125178596,150.2616066,0.336034597,0,0,0,0,0
lateSyst&Click_v1T14_01_s02.wav,1,340,700,360,660,0.382952677,1,560,80,0.115457315,361.0066262,0.265605876,0,0,0,0,0
lateSyst&Click_v1T14_01_s03.wav,1,320,690,370,670,0.380224067,1,480,20,0.09020553,174.9155189,0.358534834,0,0,0,0,0
lateSyst&Click_v1T14_01_s04.wav,1,290,650,360,670,0.371528727,1,450,20,0.121438825,164.585505,0.359575263,0,0,0,0,0
lateSyst&Click_v1T14_01_s05.wav,1,320,670,350,630,0.375591702,1,460,30,0.066568604,116.9334725,0.247010362,0,0,0,0,0
lateSyst&Click_v1T14_01_s06.wav,1,330,700,370,670,0.4148025,1,490,20,0.081799605,140.1261962,0.262877248,0,0,0,0,0
lateSyst&Click_v1T14_03_s01.wav,1,120,480,360,670,0.153695577,1,280,40,0.061857574,149.199541,0.123358968,0,0,0,0,0
lateSyst&Click_v1T14_03_s02.wav,1,370,730,360,670,0.260719808,1,530,40,0.119394213,97.83444164,0.214802246,0,0,0,0,0
lateSyst&Click_v1T14_03_s03.wav,1,330,700,370,660,0.234657796,1,490,40,0.107453959,116.6541671,0.196511027,0,0,0,0,0
lateSyst&Click_v1T14_03_s04.wav,1,300,670,370,660,0.276899211,1,460,30,0.131216931,151.593444,0.216567518,0,0,0,0,0
lateSyst&Click_v1T14_04_s01.wav,1,150,510,360,670,0.111496209,1,310,30,0.049157753,122.7258396,0.084732412,0,0,0,0,0
lateSyst&Click_v1T14_04_s02.wav,1,320,680,360,670,0.214125705,1,480,30,0.071021936,122.2372313,0.13056878,0,0,0,0,0
lateSyst&Click_v1T14_04_s03.wav,1,370,730,360,670,0.192347446,1,530,30,0.069964799,133.3935769,0.112828657,0,0,0,0,0
lateSyst&Click_v1T14_04_s04.wav,1,340,700,360,670,0.164090271,1,510,30,0.068458171,163.8178655,0.109428474,0,0,0,0,0
lateSyst&Click_v1T14_04_s05.wav,1,400,760,360,670,0.156804403,1,560,40,0.057686113,139.1570464,0.109589522,0,0,0,0,0
lateSyst&Click_v2T16_s01.wav,1,290,650,360,650,0.319290721,1,440,20,0.054855482,181.8452254,0.288816647,0,0,0,0,0
lateSyst&Click_v2T16_s02.wav,1,330,680,350,650,0.322236464,1,480,20,0.090460188,150.0609685,0.246555159,0,0,0,0,0
lateSyst&Click_v2T16_s03.wav,1,350,700,350,650,0.334076267,1,500,20,0.093023167,168.2018048,0.265099759,0,0,0,0,0
lateSyst&Click_v2T16_s04_JUST2.wav,1,370,740,370,640,0.33072581,1,580,100,0.06991177,398.421657,0.245871379,0,0,0,0,0
lateSyst_v2T16_s01.wav,1,390,750,360,620,0.245099216,1,600,90,0.06822475,373.7804234,0.268759833,0,0,0,0,0
lateSyst_v2T16_s02.wav,1,350,710,360,630,0.378511556,1,560,90,0.085677085,375.2824932,0.317852393,0,0,0,0,0
lateSyst_v2T16_s03.wav,1,350,710,360,600,0.357350972,1,560,90,0.089756787,374.9352932,0.359706963,0,0,0,0,0
midDiast_v3T11_s02.wav,2,140,510,370,690,0.297179396,0,0,0,0,0,0.086864488,1,610,310,0.087938975,119.4270297
midDiast_v3T11_s03.wav,2,120,490,370,690,0.307966359,0,0,0,0,0,0.106917216,1,600,360,0.122479459,111.6475176
midDiast_v3T11_s04.wav,2,90,460,370,700,0.264681193,0,0,0,0,0,0.178163028,1,560,410,0.091479665,119.4013575
midDiast_v3T15_s01.wav,2,90,440,350,610,0.257368876,0,0,0,0,0,0.079909465,1,490,40,0.061479747,139.2855506
midDiast_v3T15_s02.wav,2,140,480,340,610,0.389396701,0,0,0,0,0,0.088375109,1,540,30,0.086174778,132.380962
midDiast_v3T15_s03.wav,2,130,480,350,610,0.380760023,0,0,0,0,0,0.087339952,1,530,30,0.083687303,133.1370141
midSyst&Diast_v2T19_s01.wav,3,360,660,300,580,0.482343275,1,410,140,0.08055451,112.250986,0.524491119,0,0,0,0,0
midSyst&Diast_v2T19_s02.wav,3,300,620,320,600,0.43588384,1,360,180,0.073760837,104.2799742,0.228612501,1,1140,50,0.077630649,80.0089625
midSyst&Diast_v2T19_s03.wav,3,310,610,300,540,0.271416117,1,370,180,0.052657238,97.90665699,0.050818549,1,670,20,0.025311969,118.5662982
midSyst&Diast_v2T19_s04.wav,3,280,550,270,510,0.246927185,1,330,160,0.055805131,89.61808593,0.361048584,1,600,20,0.032590705,103.4221675
midSyst&Diast_v2T19_s05.wav,3,240,530,290,520,0.39263248,1,300,120,0.052112742,105.7905313,0.133174099,0,0,0,0,0
midSyst_v2T18_s01.wav,1,200,550,350,620,0.41400494,1,260,30,0.132689209,126.01594,0.352480333,0,0,0,0,0
midSyst_v2T18_s02.wav,1,380,730,350,640,0.527711538,1,490,90,0.092609468,282.9466538,0.32684455,0,0,0,0,0
midSyst_v2T18_s03.wav,1,350,680,330,700,0.465595059,1,420,150,0.063019531,255.958287,0.085760329,1,1310,10,0.155478126,104.9630507
midSyst_v2T18_s04.wav,1,340,690,350,640,0.425629595,1,400,20,0.129249731,114.6751525,0.344394633,0,0,0,0,0
midSyst_v2T28_01_s01.wav,1,190,540,350,670,0.204348755,1,250,250,0.110124183,159.5062842,0.112864685,1,1050,100,0.128254096,142.0897861
midSyst_v2T28_01_s02.wav,1,360,730,370,570,0.298686659,1,420,250,0.149791498,169.4443353,0.218734182,0,0,0,0,0
midSyst_v2T28_01_s03.wav,1,340,700,360,640,0.291006673,1,400,260,0.155779479,157.1825599,0.262924533,0,0,0,0,0
midSyst_v2T28_02_s01.wav,1,160,450,290,390,0.070597076,1,220,200,0.016623308,168.3902144,0.125805969,0,0,0,0,0
midSyst_v2T28_02_s02.wav,1,210,490,280,390,0.129283549,1,270,160,0.020343032,174.7397407,0.100103929,0,0,0,0,0
midSyst_v2T28_02_s03.wav,1,230,430,200,460,0.04353458,1,290,110,0.018178714,178.2722107,0.102686632,1,810,20,0.090456249,135.2282256
midSyst_v2T28_02_s05.wav,1,160,450,290,390,0.131569112,1,210,170,0.02427906,158.8568573,0.121417372,0,0,0,0,0
midSyst_v2T28_02_s06.wav,1,210,490,280,390,0.122437727,1,260,160,0.022858961,164.8657392,0.099394752,0,0,0,0,0
midSyst_v2T29_s01.wav,1,150,440,290,400,0.098846944,1,200,200,0.021479828,158.245518,0.13211046,0,0,0,0,0
midSyst_v2T29_s02.wav,1,220,500,280,410,0.368745931,1,280,160,0.057654543,158.2942239,0.243805406,0,0,0,0,0
midSyst_v2T29_s03.wav,1,170,440,270,400,0.177206557,1,230,160,0.072580379,155.4963402,0.252237295,0,0,0,0,0
midSyst_v2T29_s04.wav,1,230,520,290,370,0.394518094,1,270,190,0.061362718,153.1212448,0.279910567,0,0,0,0,0
midSyst_v2T29_s05.wav,1,210,500,290,410,0.360204569,1,270,190,0.05938945,154.7166159,0.254378933,0,0,0,0,0
midSyst_v2T29_s06.wav,1,180,460,280,410,0.337012431,1,240,160,0.056973271,158.5266126,0.253889245,0,0,0,0,0
midSyst_v3T17_01_s01.wav,1,300,640,340,600,0.060056458,1,360,220,0.019558554,316.7069187,0.071291267,1,740,50,0.024558688,102.9186806
midSyst_v3T17_01_s02.wav,1,250,600,350,600,0.069008891,1,310,230,0.02107941,319.3623516,0.091315918,1,710,40,0.029162896,107.5326294
midSyst_v3T17_01_s03.wav,1,320,630,310,530,0.096786448,1,380,190,0.022003961,316.4392802,0.082813059,1,730,50,0.023207615,107.5722348
midSyst_v3T17_01_s04.wav,1,250,610,360,610,0.073438517,1,310,240,0.021182649,316.1403302,0.083517575,1,710,50,0.023035996,102.541968
midSyst_v3T17_01_s05.wav,1,270,610,340,600,0.069700724,1,330,220,0.021476193,318.2311621,0.084100749,1,710,50,0.02542572,107.7281756
midSyst_v3T17_02_s01.wav,1,380,830,450,780,0.120777978,1,440,330,0.058544985,268.1139891,0.045020989,0,0,0,0,0
midSyst_v3T17_02_s02.wav,1,380,830,450,770,0.129836205,1,440,330,0.060873672,269.1028251,0.04395718,0,0,0,0,0
midSyst_v3T17_02_s03_JUST2.wav,1,430,880,450,780,0.132727119,1,490,330,0.060642997,268.9696078,0.044902445,0,0,0,0,0
midSyst_v3T19_s01.wav,1,380,740,360,660,0.197224223,1,450,240,0.102869916,274.0723509,0.256564314,0,0,0,0,0
midSyst_v3T19_s02.wav,1,380,740,360,660,0.353969014,1,450,220,0.171008217,281.2074262,0.36391883,0,0,0,0,0
midSyst_v3T19_s03.wav,1,350,700,350,620,0.311054484,1,410,230,0.150079012,285.6855572,0.373213331,0,0,0,0,0
midSyst_v3T19_s04.wav,1,390,750,360,650,0.327080231,1,450,220,0.150648423,277.4005481,0.339741923,0,0,0,0,0
midSyst_v3T19_s05_JUST2.wav,1,360,710,350,660,0.335414344,1,430,210,0.139018519,286.4463363,0.381985389,0,0,0,0,0
midSyts_v3T21_01_s01.wav,1,340,710,370,630,0.167116292,1,420,230,0.056554349,139.2478977,0.161067047,0,0,0,0,0
midSyts_v3T21_01_s02.wav,1,300,700,400,600,0.302838643,1,410,230,0.087056476,136.7576848,0.236033546,0,0,0,0,0
midSyts_v3T21_01_s03.wav,1,300,710,410,620,0.253848351,1,410,240,0.084127407,143.4388589,0.218700612,0,0,0,0,0
midSyts_v3T21_01_s04.wav,1,320,710,390,610,0.334812266,1,410,50,0.165292144,134.0127118,0.239891561,0,0,0,0,0
midSyts_v3T21_01_s05_JUST2.wav,1,330,740,410,630,0.322896389,1,450,230,0.090080107,138.2465114,0.229982368,0,0,0,0,0
midSyts_v3T21_02_s01.wav,1,350,750,400,570,0.162534383,1,430,70,0.084364257,132.7030819,0.290970052,0,0,0,0,0
midSyts_v3T21_02_s02.wav,1,280,670,390,580,0.184473674,1,390,240,0.057550311,136.7545531,0.216380056,0,0,0,0,0
midSyts_v3T21_02_s03.wav,1,370,770,400,610,0.197693108,1,490,90,0.074814255,127.2549843,0.274390157,0,0,0,0,0
midSyts_v3T21_02_s04.wav,1,340,730,390,610,0.155791423,1,450,220,0.058826532,140.1071515,0.243250597,0,0,0,0,0
midSyts_v3T21_02_s05.wav,1,330,730,400,570,0.188309597,1,410,260,0.053751293,140.7057607,0.341781616,0,0,0,0,0
normal-v1T10-s01.wav,0,420,780,360,630,0.269491035,0,0,0,0,0,0.340703396,1,840,20,0.057541933,109.611732
normal-v1T10-s02.wav,0,300,660,360,620,0.306555023,0,0,0,0,0,0.395577426,1,720,20,0.102749442,143.2070286
normal-v1T10-s03.wav,0,260,620,360,630,0.307531806,0,0,0,0,0,0.405211639,1,680,40,0.141295892,123.2553268
normal-v1T10-s04.wav,0,220,590,370,620,0.325775248,0,0,0,0,0,0.376020508,1,650,20,0.14828693,131.2991914
normal-v1T10-s05.wav,0,210,560,350,630,0.299768575,0,0,0,0,0,0.405233358,0,0,0,0,0
normal-v1T10-s06.wav,0,170,530,360,630,0.296092224,0,0,0,0,0,0.379455736,1,590,20,0.067055975,128.5961689
normal-v1T10-s07.wav,0,110,470,360,640,0.300474141,0,0,0,0,0,0.384611426,1,530,30,0.15954177,122.4295519
normal-v1T401-s01.wav,0,310,660,350,480,0.04450943,0,0,0,0,0,0.026656087,0,0,0,0,0
normal-v1T401-s02.wav,0,260,610,350,480,0.044866604,0,0,0,0,0,0.037144979,0,0,0,0,0
normal-v1T401-s03.wav,0,320,660,340,490,0.041811727,0,0,0,0,0,0.03130344,0,0,0,0,0
normal-v1T401-s04.wav,0,180,530,350,480,0.047499084,0,0,0,0,0,0.030169017,0,0,0,0,0
normal-v1T402-s01.wav,0,200,510,310,500,0.025890096,1,420,30,0.016946564,90.01244019,0.147038778,0,0,0,0,0
normal-v1T402-s02.wav,0,390,700,310,500,0.040926361,1,610,30,0.024508913,98.53938719,0.228632677,0,0,0,0,0
normal-v1T402-s04.wav,0,380,710,330,540,0.060930888,1,640,10,0.01639523,90.91048699,0.141669057,0,0,0,0,0
normal-v1T402-s05.wav,0,340,670,330,490,0.057888404,1,400,20,0.009092142,97.55193347,0.215130446,0,0,0,0,0
normal-v1T403-s01.wav,0,250,570,320,460,0.291135186,1,310,50,0.015576421,91.85876452,0.061870287,0,0,0,0,0
normal-v1T403-s02.wav,0,310,640,330,460,0.298185306,1,370,60,0.027575231,74.69862353,0.047247111,0,0,0,0,0
normal-v1T403-s03.wav,0,280,610,330,450,0.346720378,1,340,50,0.015585245,102.3447606,0.062410787,0,0,0,0,0
normal-v1T403-s04.wav,0,320,650,330,460,0.252733426,1,380,60,0.028900677,76.80222849,0.057812602,0,0,0,0,0
normal-v1T403-s05.wav,0,190,520,330,450,0.322156779,1,250,50,0.016475293,103.0333153,0.070442166,0,0,0,0,0
normal-v1T404-s01.wav,0,80,400,320,460,0.221662055,1,140,40,0.013261936,93.82132746,0.052604438,0,0,0,0,0
normal-v1T404-s02.wav,0,250,570,320,460,0.368089108,1,310,40,0.019903425,95.83307981,0.073780178,0,0,0,0,0
normal-v1T404-s03.wav,0,310,640,330,450,0.33837816,1,370,50,0.0226446,112.3347724,0.076601715,0,0,0,0,0
normal-v1T404-s04.wav,0,260,590,330,450,0.462784288,1,320,40,0.020913211,111.6936686,0.076011556,0,0,0,0,0
normal-v1T404-s05.wav,0,400,730,330,460,0.350430603,1,460,50,0.042429917,78.88557575,0.073366292,0,0,0,0,0