fileName,Label,S1@(ms),S2@(ms),systole,diastole,S1(ABV),syst_mur(0/1),smur_begin,syst_dur,syst_amp,syst_freq,S2(ABV),diast_mur(0/1),dmur_begin,diast_dur,diast_amp,diast_freq,syst_s1_amp_ratio,diast_s1_amp_ratio,syst_mur(0/1).v2,diast_mur(0/1).v2,sum_diff_syst,sum_diff_diast,Npeaks systole,Npeaks diastole,var_pks_systole,var_pks_diastole,L_pks_syst,M_pks_syst,H_pks_syst,L_pks_diast,M_pks_diast,H_pks_diast
healthy2_s05.wav,0,150,430,280,440,0.184677181,0,0,0,0,0,0.183203927,0,0,0,0,0,0,0,0,0,0.350036621,0.609405518,2441,4219,8.63234E-09,1.18792E-08,2416,25,0,4204,15,0
healthy2_s06.wav,0,170,470,300,430,0.169590069,0,0,0,0,0,0.1316977,0,0,0,0,0,0,0,0,0,0.836547852,0.519989014,2462,4142,5.91598E-08,7.93374E-09,2438,21,3,4128,14,0
healthy2_s07.wav,0,220,480,260,430,0.179726974,0,0,0,0,0,0.187746548,0,0,0,0,0,0,0,0,0,0.292327881,0.603027344,2402,4083,5.46108E-09,1.11777E-08,2402,0,0,4064,19,0
healthy2_s08.wav,0,220,480,260,430,0.195237664,0,0,0,0,0,0.17004222,0,0,0,0,0,0,0,0,0,0.318847656,0.514770508,2486,4134,5.34968E-09,1.41924E-08,2486,0,0,4120,14,0
healthy2_s09.wav,0,240,510,270,420,0.206144056,0,0,0,0,0,0.219116734,0,0,0,0,0,0,0,0,0,0.329650879,0.514984131,2427,4100,9.28328E-09,8.58545E-09,2417,10,0,4089,11,0
healthy2_s10.wav,0,210,470,260,440,0.183733079,0,0,0,0,0,0.196856637,0,0,0,0,0,0,0,0,0,0.343170166,0.635528564,2412,4140,1.93545E-08,7.97058E-09,2396,16,0,4123,17,0
healthy2_s11.wav,0,190,460,270,440,0.275514911,0,0,0,0,0,0.186539723,1,830,10,0.051408209,76.59587598,0,0.186589572,0,1,0.349517822,1.165344238,2379,4172,2.07795E-08,2.25692E-08,2362,17,0,4156,14,2
healthy2_s12.wav,0,250,530,280,440,0.24201506,0,0,0,0,0,0.187318075,0,0,0,0,0,0,0,0,0,0.413116455,1.108215332,2456,4091,3.60684E-08,3.66998E-08,2433,23,0,4076,13,2
healthy2_s13.wav,0,190,450,260,440,0.274767398,0,0,0,0,0,0.172624683,0,0,0,0,0,0,0,0,0,0.360229492,0.607269287,2386,4172,2.00405E-08,1.69448E-08,2361,25,0,4158,11,3
healthy2_s14.wav,0,180,460,280,440,0.277295326,0,0,0,0,0,0.210128723,0,0,0,0,0,0,0,0,0,0.34942627,1.15447998,2453,4139,2.50918E-08,1.07417E-08,2435,18,0,4118,17,4
healthy2_s15.wav,0,190,450,260,440,0.214840464,0,0,0,0,0,0.197125264,0,0,0,0,0,0,0,0,0,0.296783447,0.661804199,2496,4141,2.78678E-09,1.12332E-08,2496,0,0,4129,12,0
healthy2_s16.wav,0,200,480,280,440,0.225143785,0,0,0,0,0,0.196280055,1,850,10,0.057437319,104.1763405,0,0.255113943,0,1,0.334228516,1.21105957,2465,4107,1.90581E-08,2.58685E-08,2451,14,0,4095,10,2
healthy2_s17.wav,0,180,460,280,430,0.193379587,0,0,0,0,0,0.181730494,0,0,0,0,0,0,0,0,0,0.282653809,0.688354492,2428,4137,3.97552E-09,1.3205E-08,2428,0,0,4136,1,0
healthy2_s18.wav,0,160,440,280,430,0.170901065,0,0,0,0,0,0.190443306,0,0,0,0,0,0,0,0,0,0.315979004,0.516174316,2502,4101,5.8967E-09,9.78108E-09,2502,0,0,4087,14,0
healthy2_s19.wav,0,210,480,270,420,0.16524647,0,0,0,0,0,0.210314243,0,0,0,0,0,0,0,0,0,0.281738281,0.496673584,2332,4095,7.01835E-09,6.68276E-09,2332,0,0,4086,9,0
healthy2_s20.wav,0,180,480,300,430,0.166421126,1,240,20,0.069695013,59.02884292,0.076473609,0,0,0,0,0,0.418787056,0,1,0,1.311950684,0.547668457,2412,3999,7.03237E-08,1.87191E-08,2406,0,6,3992,7,0
healthy2_s21.wav,0,200,460,260,430,0.241556926,0,0,0,0,0,0.177258357,0,0,0,0,0,0,0,0,0,0.330383301,0.501159668,2527,4133,5.78687E-09,8.60678E-09,2527,0,0,4122,11,0
healthy2_s22.wav,0,210,490,280,410,0.189342426,0,0,0,0,0,0.194081272,0,0,0,0,0,0,0,0,0,0.338165283,0.55355835,2417,4034,1.56358E-08,1.86085E-08,2417,0,0,4015,19,0
healthy2_s23.wav,0,220,480,260,440,0.216445909,0,0,0,0,0,0.219636555,0,0,0,0,0,0,0,0,0,0.331420898,0.7605896,2402,4080,2.00556E-08,1.08068E-08,2377,25,0,4076,0,4
healthy2_s24.wav,0,220,490,270,440,0.230803561,0,0,0,0,0,0.178426561,1,860,10,0.09363255,64.11054008,0,0.4056807,0,1,0.379058838,1.278045654,2458,4123,2.90006E-08,3.04621E-08,2425,33,0,4108,10,5
healthy2_s25.wav,0,230,500,270,440,0.291649393,0,0,0,0,0,0.179263261,0,0,0,0,0,0,0,0,0,0.40814209,0.806304932,2429,4175,2.37525E-08,2.26858E-08,2409,20,0,4137,38,0
healthy2_s26.wav,0,200,480,280,440,0.205559643,0,0,0,0,0,0.210940981,0,0,0,0,0,0,0,0,0,0.338439941,0.809509277,2484,4133,4.30722E-09,1.57392E-08,2484,0,0,4132,1,0
healthy2_s27.wav,0,170,450,280,420,0.24909321,0,0,0,0,0,0.185373873,0,0,0,0,0,0,0,0,0,0.312042236,0.507995605,2441,4141,1.36298E-08,3.98214E-09,2441,0,0,4141,0,0
healthy2_s28.wav,0,220,500,280,440,0.202892337,0,0,0,0,0,0.200889643,0,0,0,0,0,0,0,0,0,0.301544189,0.886779785,2342,4119,4.80676E-09,2.0607E-08,2342,0,0,4095,20,4
healthy2_s29.wav,0,210,490,280,430,0.186733753,0,0,0,0,0,0.194841333,0,0,0,0,0,0,0,0,0,0.280578613,0.5,2353,4111,4.88147E-09,6.44491E-09,2353,0,0,4103,8,0
healthy2_s30.wav,0,190,490,300,420,0.161735538,0,0,0,0,0,0.180975396,0,0,0,0,0,0,0,0,0,0.344421387,0.56552124,2484,4141,4.67914E-09,2.00566E-08,2446,38,0,4125,16,0
healthy2_s31.wav,0,160,460,300,430,0.173752985,1,220,20,0.044018869,49.61645653,0.113382725,0,0,0,0,0,0.253341658,0,1,0,0.923919678,0.534179688,2482,4047,5.69722E-08,1.39498E-08,2478,0,4,4026,21,0
healthy2_s32.wav,0,240,500,260,430,0.224202427,0,0,0,0,0,0.18652871,0,0,0,0,0,0,0,0,0,0.302246094,0.504486084,2360,4088,9.46858E-09,9.2626E-09,2360,0,0,4076,12,0
healthy2_s33.wav,0,220,500,280,410,0.222703682,0,0,0,0,0,0.167589279,0,0,0,0,0,0,0,0,0,0.333984375,0.51373291,2384,4063,1.71E-08,1.2995E-08,2384,0,0,4054,9,0
healthy2_s34_JUST2.wav,0,240,510,270,440,0.231189346,0,0,0,0,0,0.220522695,0,0,0,0,0,0,0,0,0,0.351928711,0.992370605,2345,4120,2.62988E-08,1.33401E-08,2316,29,0,4101,14,5
healthy3_s01.wav,0,310,650,340,530,0.430461812,0,0,0,0,0,0.414301414,0,0,0,0,0,0,0,0,0,0.131896973,0.28237915,1069,1782,3.09706E-07,3.58125E-07,1069,0,0,1782,0,0
healthy3_s02.wav,0,280,610,330,530,0.367913733,0,0,0,0,0,0.472175686,0,0,0,0,0,0,0,0,0,0.138519287,0.317230225,1003,2019,4.28266E-07,3.28972E-07,1003,0,0,2017,2,0
healthy3_s03.wav,0,230,560,330,600,0.432592995,0,0,0,0,0,0.43423515,0,0,0,0,0,0,0,0,0,0.171447754,0.353820801,1061,2129,3.03961E-07,3.6512E-07,1061,0,0,2127,2,0
healthy3_s04.wav,0,260,600,340,530,0.409813962,0,0,0,0,0,0.458649244,0,0,0,0,0,0,0,0,0,0.160552979,0.34161377,1030,1827,3.83001E-07,3.66833E-07,1027,3,0,1825,2,0
healthy3_s05.wav,0,250,580,330,530,0.376737709,0,0,0,0,0,0.500488214,0,0,0,0,0,0,0,0,0,0.11340332,0.367431641,947,1923,3.34427E-07,3.62085E-07,947,0,0,1921,2,0
healthy3_s06.wav,0,220,530,310,550,0.376412356,0,0,0,0,0,0.457250869,0,0,0,0,0,0,0,0,0,0.113494873,0.388641357,980,1922,3.1089E-07,3.44591E-07,980,0,0,1919,3,0
healthy3_s07.wav,0,230,550,320,530,0.365621086,0,0,0,0,0,0.47211855,0,0,0,0,0,0,0,0,0,0.132263184,0.274688721,1090,1827,2.89237E-07,3.30848E-07,1090,0,0,1827,0,0
healthy3_s08.wav,0,320,630,310,550,0.360112634,0,0,0,0,0,0.462564085,0,0,0,0,0,0,0,0,0,0.121856689,0.40725708,1015,1784,3.20294E-07,3.80066E-07,1015,0,0,1782,2,0
healthy3_s09.wav,0,220,530,310,550,0.419681248,0,0,0,0,0,0.415453479,0,0,0,0,0,0,0,0,0,0.137115479,0.484832764,999,2023,3.96591E-07,3.46375E-07,999,0,0,2021,2,0
healthy3_s10.wav,0,210,540,330,610,0.399540895,0,0,0,0,0,0.360807395,0,0,0,0,0,0,0,0,0,0.164337158,0.349517822,1061,2127,3.04424E-07,3.49301E-07,1061,0,0,2125,2,0
healthy3_s11.wav,0,250,580,330,530,0.388296411,0,0,0,0,0,0.470535376,0,0,0,0,0,0,0,0,0,0.149291992,0.314239502,1034,1827,3.81548E-07,3.66833E-07,1031,3,0,1825,2,0
healthy3_s12.wav,0,240,570,330,530,0.439110005,0,0,0,0,0,0.416906787,0,0,0,0,0,0,0,0,0,0.176269531,0.349456787,956,1935,3.633E-07,3.60177E-07,956,0,0,1932,3,0
healthy3_s13.wav,0,240,580,340,530,0.391149048,0,0,0,0,0,0.480460569,0,0,0,0,0,0,0,0,0,0.166656494,0.355743408,985,1925,3.84811E-07,3.44096E-07,985,0,0,1922,3,0
healthy3_s14.wav,0,250,580,330,530,0.392850206,0,0,0,0,0,0.496295328,0,0,0,0,0,0,0,0,0,0.125762939,0.365325928,1090,1832,2.89208E-07,3.70944E-07,1090,0,0,1830,2,0
healthy3_s15.wav,0,230,540,310,550,0.380641454,0,0,0,0,0,0.434090865,0,0,0,0,0,0,0,0,0,0.120239258,0.384857178,1029,1784,2.88481E-07,3.80066E-07,1029,0,0,1782,2,0
healthy3_s16.wav,0,220,540,320,530,0.357499637,0,0,0,0,0,0.489254645,0,0,0,0,0,0,0,0,0,0.132781982,0.297393799,999,1967,3.96591E-07,3.17891E-07,999,0,0,1965,2,0
healthy3_s17.wav,0,250,580,330,620,0.377213907,0,0,0,0,0,0.497490494,0,0,0,0,0,0,0,0,0,0.151641846,0.338684082,1063,2127,3.08118E-07,3.49301E-07,1063,0,0,2125,2,0
healthy3_s18.wav,0,230,550,320,540,0.422266579,0,0,0,0,0,0.411925852,0,0,0,0,0,0,0,0,0,0.147338867,0.30480957,1048,1826,3.41305E-07,3.66863E-07,1048,0,0,1825,1,0
healthy3_s19.wav,0,240,560,320,550,0.383108706,0,0,0,0,0,0.476292093,0,0,0,0,0,0,0,0,0,0.098327637,0.345031738,963,1938,3.30037E-07,3.39464E-07,963,0,0,1938,0,0
healthy3_s20.wav,0,240,570,330,530,0.411735264,0,0,0,0,0,0.464873276,0,0,0,0,0,0,0,0,0,0.156341553,0.328674316,989,1938,3.85178E-07,3.42395E-07,989,0,0,1935,3,0
healthy3_s21.wav,0,180,510,330,530,0.43946472,0,0,0,0,0,0.402516329,0,0,0,0,0,0,0,0,0,0.186706543,0.350158691,1045,1833,3.40209E-07,3.73026E-07,1045,0,0,1831,2,0
healthy3_s22.wav,0,300,640,340,530,0.376071824,0,0,0,0,0,0.492332163,0,0,0,0,0,0,0,0,0,0.115264893,0.34954834,1029,1785,2.88481E-07,3.87143E-07,1029,0,0,1783,2,0
healthy3_s23.wav,0,260,590,330,530,0.408382549,0,0,0,0,0,0.486988423,0,0,0,0,0,0,0,0,0,0.123687744,0.395751953,999,1977,3.96591E-07,3.52732E-07,999,0,0,1974,3,0
healthy1_s01.wav,0,330,620,290,500,0.462612308,0,0,0,0,0,0.128775619,1,680,20,0.017724729,29.85585149,0,0.038314436,0,0,0.350036621,0.894836426,2598,4640,3.07949E-08,4.76362E-08,2598,0,0,4614,19,7
healthy1_s02.wav,0,250,550,300,500,0.555754325,0,0,0,0,0,0.125526675,1,610,20,0.018950903,16.68789404,0,0.034099426,0,0,0.377044678,0.883148193,2778,4684,2.33719E-08,5.42288E-08,2778,0,0,4659,19,6
healthy1_s03.wav,0,230,550,320,500,0.458313948,0,0,0,0,0,0.142447757,0,0,0,0,0,0,0,0,0,0.385009766,0.751922607,2727,4656,1.9932E-08,3.41088E-08,2727,0,0,4631,25,0
healthy1_s04.wav,0,220,510,290,500,0.487383913,0,0,0,0,0,0.126732687,1,570,20,0.01791914,31.22715276,0,0.036765965,0,0,0.368041992,0.902557373,2664,4701,2.30659E-08,3.66735E-08,2658,6,0,4671,26,4
healthy1_s05.wav,0,230,530,300,500,0.558709362,0,0,0,0,0,0.122565499,1,590,20,0.019113682,16.78520426,0,0.03421042,0,0,0.379669189,0.889038086,2746,4695,2.67874E-08,5.63402E-08,2739,7,0,4672,15,8
healthy1_s06.wav,0,220,530,310,500,0.445115278,0,0,0,0,0,0.141775868,0,0,0,0,0,0,0,0,0,0.383117676,0.749053955,2723,4627,2.3314E-08,3.48714E-08,2723,0,0,4604,20,3
healthy1_s07.wav,0,260,550,290,500,0.490283861,0,0,0,0,0,0.119583591,1,610,20,0.018159771,24.72293005,0,0.0370393,0,0,0.378875732,0.903442383,2748,4674,2.56088E-08,6.39967E-08,2748,0,0,4648,20,6
healthy1_s08.wav,0,230,530,300,500,0.541389138,0,0,0,0,0,0.129738275,1,590,20,0.018482333,16.28594251,0,0.034138721,0,0,0.374237061,0.880584717,2769,4724,2.43908E-08,4.80951E-08,2769,0,0,4683,32,9
healthy1_s09.wav,0,220,530,310,500,0.466973564,0,0,0,0,0,0.137629464,0,0,0,0,0,0,0,0,0,0.381652832,0.752868652,2741,4665,1.48293E-08,3.45912E-08,2741,0,0,4632,28,5
healthy1_s10.wav,0,260,580,320,490,0.503234681,0,0,0,0,0,0.125629719,0,0,0,0,0,0,0,0,0,0.37677002,0.741119385,2713,4720,2.07069E-08,3.578E-08,2713,0,0,4690,26,4
healthy_v1T3_s01.wav,0,190,500,310,520,0.220057797,1,260,60,0.021520952,127.3295109,0.351097514,1,850,30,0.025886972,104.6432557,0.097796819,0.117637151,1,1,2.850463867,4.962982178,28,61,1.3002E-05,8.64218E-06,11,9,8,22,31,8
healthy_v1T3_s02.wav,0,240,550,310,500,0.216123861,0,0,0,0,0,0.320731812,1,830,20,0.035160647,82.9546377,0,0.162687482,0,1,2.535614014,5.816833496,34,62,6.73111E-06,6.02738E-06,16,14,4,23,29,10
healthy_v1T3_s03.wav,0,260,580,320,510,0.359624634,1,320,20,0.042286292,89.253742,0.365511407,0,0,0,0,0,0.117584526,0,1,0,3.394836426,5.497253418,32,61,6.6546E-06,6.44143E-06,18,11,3,22,32,7
healthy_v1T3_s04.wav,0,280,590,310,500,0.332428996,1,340,30,0.061318995,105.0044407,0.375773248,1,860,20,0.028248489,91.9206492,0.184457421,0.084976007,1,0,3.935760498,6.346252441,29,57,7.50279E-06,5.47099E-06,7,14,8,17,34,6
healthy_v1T3_s05.wav,0,280,600,320,490,0.370359039,1,480,50,0.030773606,95.81247603,0.366506755,1,860,20,0.032990887,119.5016122,0.08309128,0.089078119,0,0,3.913909912,6.665100098,32,58,9.34588E-06,7.50273E-06,7,18,7,22,25,11
normal-v1T10-s01.wav,0,420,780,360,630,0.269491035,0,0,0,0,0,0.340703396,1,840,20,0.057541933,109.611732,0,0.213520771,0,1,1.002685547,2.404327393,86,175,7.05447E-06,4.35186E-06,81,5,0,170,4,1
normal-v1T10-s02.wav,0,300,660,360,620,0.306555023,0,0,0,0,0,0.395577426,1,720,20,0.102749442,143.2070286,0,0.335174549,0,1,0.947753906,3.446899414,83,192,4.9815E-06,2.79E-06,81,2,0,190,1,1
normal-v1T10-s03.wav,0,260,620,360,630,0.307531806,0,0,0,0,0,0.405211639,1,680,40,0.141295892,123.2553268,0,0.459451312,0,1,1.098632813,6.236236572,78,170,6.59922E-06,4.96031E-06,76,2,0,162,4,4
normal-v1T10-s04.wav,0,220,590,370,620,0.325775248,0,0,0,0,0,0.376020508,1,650,20,0.14828693,131.2991914,0,0.455181695,0,1,1.094696045,5.13104248,83,165,6.56576E-06,3.66926E-06,78,5,0,160,2,3
normal-v1T10-s05.wav,0,210,560,350,630,0.299768575,0,0,0,0,0,0.405233358,0,0,0,0,0,0,0,0,0,0.942382813,2.36428833,107,161,3.18574E-06,4.21799E-06,105,2,0,156,4,1
normal-v1T10-s06.wav,0,170,530,360,630,0.296092224,0,0,0,0,0,0.379455736,1,590,20,0.067055975,128.5961689,0,0.226469895,0,1,0.968017578,2.921386719,89,173,6.11063E-06,4.56001E-06,86,3,0,168,4,1
normal-v1T10-s07.wav,0,110,470,360,640,0.300474141,0,0,0,0,0,0.384611426,1,530,30,0.15954177,122.4295519,0,0.530966723,0,1,0.993591309,6.009613037,82,163,7.13602E-06,3.47653E-06,80,2,0,157,3,3
normal-v1T401-s01.wav,0,310,660,350,480,0.04450943,0,0,0,0,0,0.026656087,0,0,0,0,0,0,0,0,0,0.104003906,0.098876953,369,592,3.96596E-07,1.72144E-07,361,7,1,588,4,0
normal-v1T401-s02.wav,0,260,610,350,480,0.044866604,0,0,0,0,0,0.037144979,0,0,0,0,0,0,0,0,0,0.082122803,0.114074707,402,590,2.38031E-07,2.67502E-07,397,5,0,586,4,0
normal-v1T401-s03.wav,0,320,660,340,490,0.041811727,0,0,0,0,0,0.03130344,0,0,0,0,0,0,0,0,0,0.076446533,0.127105713,392,579,2.01912E-07,2.39945E-07,387,5,0,577,2,0
normal-v1T401-s04.wav,0,180,530,350,480,0.047499084,0,0,0,0,0,0.030169017,0,0,0,0,0,0,0,0,0,0.102203369,0.116546631,393,575,3.39831E-07,2.93337E-07,384,8,1,573,2,0
normal-v1T402-s01.wav,0,200,510,310,500,0.025890096,1,420,30,0.016946564,90.01244019,0.147038778,0,0,0,0,0,0.654557778,0,1,0,0.385894775,0.144866943,186,570,2.08901E-06,3.48227E-07,176,6,4,570,0,0
normal-v1T402-s02.wav,0,390,700,310,500,0.040926361,1,610,30,0.024508913,98.53938719,0.228632677,0,0,0,0,0,0.598853946,0,1,0,0.599090576,0.204345703,183,574,1.97433E-06,5.10941E-07,168,11,4,573,1,0
normal-v1T402-s04.wav,0,380,710,330,540,0.060930888,1,640,10,0.01639523,90.91048699,0.141669057,0,0,0,0,0,0.269079121,0,1,0,0.297821045,0.224822998,214,605,1.30598E-06,4.24046E-07,206,6,2,601,4,0
normal-v1T402-s05.wav,0,340,670,330,490,0.057888404,1,400,20,0.009092142,97.55193347,0.215130446,0,0,0,0,0,0.157063263,0,1,0,0.788726807,0.293548584,194,571,2.80627E-06,5.71168E-07,180,7,7,569,2,0
normal-v1T403-s01.wav,0,250,570,320,460,0.291135186,1,310,50,0.015576421,91.85876452,0.061870287,0,0,0,0,0,0.053502363,0,0,0,0.608703613,0.125061035,183,508,2.96349E-06,2.82564E-07,179,3,1,508,0,0
normal-v1T403-s02.wav,0,310,640,330,460,0.298185306,1,370,60,0.027575231,74.69862353,0.047247111,0,0,0,0,0,0.092476826,0,1,0,0.910217285,0.128936768,171,456,3.01399E-06,4.1594E-07,166,4,1,454,2,0
normal-v1T403-s03.wav,0,280,610,330,450,0.346720378,1,340,50,0.015585245,102.3447606,0.062410787,0,0,0,0,0,0.044950474,0,0,0,0.685638428,0.131530762,168,472,3.19031E-06,3.75181E-07,163,4,1,472,0,0
normal-v1T403-s04.wav,0,320,650,330,460,0.252733426,1,380,60,0.028900677,76.80222849,0.057812602,0,0,0,0,0,0.114352412,0,1,0,0.917053223,0.12588501,171,488,3.00588E-06,3.34789E-07,166,4,1,488,0,0
normal-v1T403-s05.wav,0,190,520,330,450,0.322156779,1,250,50,0.016475293,103.0333153,0.070442166,0,0,0,0,0,0.051140607,0,0,0,0.747955322,0.138183594,168,483,2.74662E-06,3.3807E-07,163,4,1,483,0,0
normal-v1T404-s01.wav,0,80,400,320,460,0.221662055,1,140,40,0.013261936,93.82132746,0.052604438,0,0,0,0,0,0.059829526,0,0,0,0.436737061,0.092926025,155,431,4.0662E-06,4.63648E-07,150,3,2,431,0,0
normal-v1T404-s02.wav,0,250,570,320,460,0.368089108,1,310,40,0.019903425,95.83307981,0.073780178,0,0,0,0,0,0.054072302,0,0,0,0.656646729,0.107666016,124,394,4.72997E-06,6.58204E-07,119,3,2,394,0,0
normal-v1T404-s03.wav,0,310,640,330,450,0.33837816,1,370,50,0.0226446,112.3347724,0.076601715,0,0,0,0,0,0.066920985,0,0,0,0.915527344,0.131530762,138,363,3.47859E-06,7.42298E-07,132,2,4,362,1,0
normal-v1T404-s04.wav,0,260,590,330,450,0.462784288,1,320,40,0.020913211,111.6936686,0.076011556,0,0,0,0,0,0.045189977,0,0,0,0.800445557,0.128936768,103,342,4.9377E-06,8.88137E-07,97,3,3,341,1,0
normal-v1T404-s05.wav,0,400,730,330,460,0.350430603,1,460,50,0.042429917,78.88557575,0.073366292,0,0,0,0,0,0.121079371,0,1,0,1.10949707,0.135894775,105,377,7.77143E-06,7.94477E-07,100,4,1,376,1,0
earlySyst_s01.wav,1,1000,1350,350,580,0.267393575,1,1050,240,0.017406581,150.2034849,0.050852521,1,1420,470,0.008029732,18.72571815,0.065097231,0.030029638,0,0,4.141662598,1.82925415,82,364,7.61778E-06,8.13048E-06,33,44,5,215,0,149
earlySyst_s02.wav,1,320,670,350,600,0.256950737,1,370,240,0.018494614,138.2433224,0.055793648,1,740,480,0.007974648,23.08152142,0.071977275,0.031035707,0,0,4.228546143,1.855133057,79,399,7.22748E-06,7.66689E-06,34,42,3,253,0,146
earlySyst_s03.wav,1,340,670,330,600,0.233340737,1,380,230,0.017982592,150.372342,0.054285726,1,730,430,0.008101655,20.47624931,0.077065807,0.034720276,0,0,4.145782471,1.888916016,76,403,7.12372E-06,7.73395E-06,31,40,5,249,0,154
earlySyst_s04.wav,1,260,610,350,580,0.252525699,1,300,250,0.017404685,150.2257867,0.05356154,1,670,150,0.008155946,27.8371374,0.068922431,0.032297489,0,0,4.338256836,1.831420898,82,356,7.44851E-06,8.32159E-06,34,45,3,211,0,145
earlySyst_s05.wav,1,260,620,360,600,0.228169759,1,320,250,0.017750658,137.2387683,0.059344317,1,690,130,0.0083716,21.69996101,0.077795838,0.036690227,0,0,4.281585693,1.85369873,82,396,7.52401E-06,7.67962E-06,34,45,3,247,0,149
earlySyst_s06.wav,1,290,630,340,600,0.236972794,1,340,230,0.018341552,141.2678069,0.053501158,1,690,130,0.008307419,25.96081325,0.077399401,0.035056427,0,0,4.158630371,1.886291504,77,410,6.36583E-06,7.56244E-06,32,40,5,258,0,152
earlySyst_s07.wav,1,370,730,360,580,0.256269743,1,420,220,0.018568254,157.7055074,0.057052068,1,790,50,0.008309016,26.40974767,0.072455896,0.03242293,0,0,4.423797607,1.831817627,93,358,7.56076E-06,8.33639E-06,40,49,4,211,0,147
earlySyst_s08.wav,1,290,650,360,600,0.24267158,1,350,250,0.017539105,138.5257936,0.0597343,1,720,480,0.007991525,19.63408205,0.07227507,0.032931441,0,0,4.281890869,1.853363037,83,396,7.1538E-06,7.67592E-06,35,45,3,249,0,147
earlySyst_s09.wav,1,280,620,340,600,0.257451805,1,330,230,0.018661341,139.97012,0.04885393,1,680,440,0.008018517,20.62236816,0.072484792,0.0311457,0,0,4.171600342,1.88381958,79,412,6.93053E-06,7.50101E-06,33,43,3,254,0,158
earlySyst_s10.wav,1,290,650,360,590,0.272181944,1,340,270,0.016904943,131.66073,0.059208626,1,730,290,0.008119128,17.79008976,0.06210898,0.029829782,0,0,4.435424805,1.831329346,92,369,8.03813E-06,8.01015E-06,38,51,3,222,1,146
earlySyst_s11.wav,1,290,630,340,590,0.246114461,1,340,240,0.01763269,138.3490016,0.056300566,1,710,280,0.008133779,19.3269937,0.071644267,0.033048765,0,0,4.12890625,1.85333252,79,399,7.27736E-06,7.57739E-06,34,40,5,251,0,148
earlySyst_s12.wav,1,240,600,360,570,0.274675372,1,290,250,0.017944444,134.8167602,0.052127993,1,660,320,0.00805809,19.60074423,0.065329644,0.029336776,0,0,4.263671875,1.82421875,87,367,6.78551E-06,8.04927E-06,38,46,3,221,0,146
earlySyst_s13.wav,1,280,640,360,590,0.272275685,1,330,250,0.017503017,142.5053724,0.057759798,1,700,310,0.008121743,21.35761607,0.064284173,0.029829116,0,0,4.371917725,1.830169678,82,381,7.23718E-06,7.89552E-06,36,43,3,236,0,145
earlySyst_s14.wav,1,320,660,340,590,0.264425242,1,370,230,0.017848395,149.1372194,0.050207023,1,740,180,0.008299744,24.45649355,0.067498832,0.031387867,0,0,4.096221924,1.853851318,77,397,7.35698E-06,7.59825E-06,34,38,5,253,0,144
earlySyst_s15.wav,1,280,640,360,570,0.276099217,1,330,250,0.018050843,134.5991707,0.053246222,1,700,470,0.008065172,22.38415897,0.065378103,0.029211138,0,0,4.26473999,1.82434082,82,369,7.19356E-06,8.06562E-06,36,43,3,222,0,147
earlySyst_s16.wav,1,270,630,360,590,0.255685284,1,330,240,0.017380878,148.2200961,0.052888462,1,690,470,0.008109842,21.2568947,0.067977625,0.031718062,0,0,4.180969238,1.861206055,76,396,6.908E-06,7.66935E-06,33,38,5,246,1,149
earlySyst_s17.wav,1,280,630,350,580,0.26801256,1,330,240,0.017409542,149.6110377,0.050574969,1,700,470,0.008032431,18.6966169,0.064957933,0.029970354,0,0,4.140594482,1.828491211,85,359,7.6672E-06,8.28485E-06,36,44,5,213,0,146
earlySyst_s18.wav,1,240,580,340,590,0.259020887,1,290,230,0.017929036,146.9738395,0.052422721,1,660,280,0.008167485,22.52672105,0.069218495,0.03153215,0,0,4.094451904,1.853515625,77,396,7.35755E-06,7.717E-06,34,38,5,251,0,145
earlySyst_s19.wav,1,240,570,330,600,0.233292236,1,280,230,0.017947112,151.5510995,0.054149875,1,630,430,0.008099885,20.07675992,0.076929743,0.034719908,0,0,4.144836426,1.889251709,76,403,7.03441E-06,7.70839E-06,31,40,5,250,0,153
earlySyst_s20.wav,1,290,640,350,580,0.255003646,1,330,250,0.017396612,150.7584205,0.05323212,1,700,150,0.008147844,28.60716971,0.068221031,0.031951873,0,0,4.338470459,1.831512451,84,362,7.32664E-06,8.1421E-06,36,45,3,212,0,150
earlySyst_s21.wav,1,230,580,350,600,0.230816115,1,290,240,0.017902299,135.1397077,0.059070608,1,650,130,0.008362812,21.89117601,0.077560871,0.036231491,0,0,4.096130371,1.853912354,81,396,7.15812E-06,7.56937E-06,36,40,5,249,0,147
midSyst_s01.wav,2,470,840,370,590,0.257699903,1,550,200,0.025251755,331.4973841,0.136753611,0,0,0,0,0,0.097988998,0,1,0,12.3706665,1.716156006,110,541,6.83327E-07,3.81845E-06,30,54,26,313,228,0
midSyst_s02.wav,2,260,600,340,600,0.228800068,1,360,160,0.02589371,339.1434297,0.14784608,0,0,0,0,0,0.113171775,0,1,0,12.24472046,1.719177246,110,542,7.62396E-07,3.80592E-06,27,51,32,320,222,0
midSyst_s03.wav,2,290,630,340,610,0.274076797,1,390,160,0.026365011,328.4328891,0.153909526,0,0,0,0,0,0.096195704,0,1,0,12.37194824,1.716461182,109,543,6.78988E-07,3.82951E-06,28,57,24,323,220,0
midSyst_s04.wav,2,300,660,360,590,0.268354111,1,390,190,0.025655653,337.430319,0.164101556,0,0,0,0,0,0.095603727,0,1,0,12.48175049,1.686065674,114,533,6.92309E-07,3.86294E-06,31,59,24,301,232,0
midSyst_s05.wav,2,300,640,340,610,0.276772966,1,400,160,0.026383084,328.2144227,0.153079023,0,0,0,0,0,0.09532392,0,1,0,12.37246704,1.716522217,109,544,6.79944E-07,3.76436E-06,29,56,24,322,222,0
midSyst_s06.wav,2,310,670,360,590,0.266690329,1,400,190,0.025614735,337.0459568,0.164678893,0,0,0,0,0,0.096046733,0,1,0,12.48251343,1.685302734,113,531,7.21621E-07,3.9142E-06,31,58,24,303,228,0
midSyst_s07.wav,2,280,640,360,590,0.24455753,1,370,200,0.025155341,336.792934,0.160011092,0,0,0,0,0,0.102860626,0,1,0,12.35534668,1.686553955,111,533,6.79899E-07,3.84311E-06,30,57,24,307,226,0
midSyst_s08.wav,2,260,620,360,590,0.281313326,1,370,160,0.025951107,333.1267974,0.168290445,0,0,0,0,0,0.092249833,0,1,0,12.36444092,1.716156006,112,539,7.66078E-07,3.83921E-06,30,58,24,316,223,0
midSyst_s09.wav,2,260,620,360,590,0.239482583,1,350,200,0.024791362,332.5793315,0.152692054,0,0,0,0,0,0.103520522,0,1,0,12.22909546,1.69519043,107,521,6.4636E-07,3.93427E-06,25,50,32,284,237,0
midSyst_s10.wav,2,310,670,360,590,0.254796433,1,410,180,0.025100279,331.0606428,0.158682359,0,0,0,0,0,0.09851111,0,1,0,12.47967529,1.690093994,113,529,7.1735E-07,3.81246E-06,30,57,26,306,223,0
midSyst_s11.wav,2,300,660,360,590,0.235023768,1,390,200,0.024809025,332.7448232,0.149886752,0,0,0,0,0,0.105559644,0,1,0,12.23355103,1.695587158,107,521,6.45508E-07,3.92195E-06,25,50,32,287,234,0
midSyst_s12.wav,2,300,660,360,590,0.250580404,1,400,180,0.025103735,331.7491318,0.156796272,0,0,0,0,0,0.100182355,0,1,0,12.47973633,1.689361572,115,526,7.35463E-07,3.83081E-06,33,56,26,299,227,0
midSyst_s13.wav,2,310,670,360,590,0.230754871,1,400,200,0.024832921,333.4485017,0.147122765,0,0,0,0,0,0.107616019,0,1,0,12.23825073,1.696350098,108,525,6.91555E-07,3.82084E-06,25,51,32,287,238,0
midSyst_s14.wav,2,320,680,360,590,0.246521441,1,400,200,0.025210468,332.2844803,0.154598904,0,0,0,0,0,0.102264809,0,1,0,12.47909546,1.689483643,115,529,7.44481E-07,3.82768E-06,33,56,26,299,230,0
midSyst_s15.wav,2,300,660,360,590,0.269908307,1,390,190,0.025747225,336.0780617,0.160825399,0,0,0,0,0,0.095392489,0,1,0,12.47799683,1.687042236,112,522,6.73856E-07,3.91305E-06,30,58,24,294,228,0
midSyst_s16.wav,2,270,630,360,590,0.285161812,1,360,180,0.026020153,333.8317463,0.151968518,0,0,0,0,0,0.091246976,0,1,0,12.3614502,1.715606689,113,541,7.28252E-07,3.75092E-06,31,58,24,314,227,0
midSyst_s17.wav,2,240,600,360,590,0.269779617,1,330,190,0.025721851,337.2664514,0.162382599,0,0,0,0,0,0.095343938,0,1,0,12.47973633,1.686889648,112,529,6.74196E-07,3.87619E-06,30,58,24,300,229,0
midSyst_s18.wav,2,230,590,360,590,0.287580545,1,320,180,0.025948607,334.5734321,0.154916388,0,0,0,0,0,0.090230747,0,1,0,12.36260986,1.714904785,114,541,7.26695E-07,3.80271E-06,32,58,24,317,224,0
midSyst_s19.wav,2,290,650,360,590,0.288233788,1,400,160,0.026035913,330.7687148,0.167372257,0,0,0,0,0,0.090329149,0,1,0,12.36810303,1.715240479,111,546,7.20675E-07,3.78044E-06,30,57,24,317,229,0
midSyst_s20.wav,2,300,660,360,590,0.283857796,1,400,160,0.026298732,328.9985987,0.155466565,0,0,0,0,0,0.09264756,0,1,0,12.36938477,1.717285156,110,538,6.91056E-07,3.83396E-06,30,56,24,316,222,0
midSyst_s21.wav,2,300,660,360,590,0.266258628,1,400,160,0.026103539,328.9389203,0.161986049,0,0,0,0,0,0.098038283,0,1,0,12.47964478,1.714477539,114,549,7.1389E-07,3.76957E-06,32,56,26,342,207,0
midSyst_s22.wav,2,320,660,340,610,0.238014048,1,390,200,0.025196062,331.4171077,0.143994743,0,0,0,0,0,0.105859559,0,1,0,12.36743164,1.716766357,110,550,6.83708E-07,3.7614E-06,30,55,25,319,231,0
midSyst_s23.wav,2,230,590,360,590,0.261768002,1,330,160,0.02608432,330.0211557,0.16097816,0,0,0,0,0,0.099646708,0,1,0,12.47970581,1.714233398,114,548,7.14009E-07,3.68514E-06,32,56,26,338,210,0
midSyst_s24_JUST2.wav,2,310,670,360,590,0.236168528,1,380,200,0.025197088,331.1585727,0.141378112,0,0,0,0,0,0.106691133,0,1,0,12.3687439,1.716156006,110,534,6.83508E-07,3.90094E-06,30,55,25,308,226,0
holoSyst_s01.wav,4,300,640,340,600,0.245222069,0,0,0,0,0,0.25757149,0,0,0,0,0,0,0,0,0,7.855987549,1.769134521,131,562,7.61562E-07,3.88865E-06,56,70,5,393,169,0
holoSyst_s02.wav,4,350,690,340,600,0.233094951,0,0,0,0,0,0.246382108,0,0,0,0,0,0,0,0,0,8.71685791,1.813812256,130,536,9.55878E-07,4.05611E-06,53,68,9,314,222,0
holoSyst_s03.wav,4,340,680,340,590,0.223381012,0,0,0,0,0,0.217437882,0,0,0,0,0,0,0,0,0,8.667510986,1.818786621,132,534,1.01118E-06,4.07831E-06,56,68,8,310,224,0
holoSyst_s04.wav,4,350,690,340,570,0.223364195,0,0,0,0,0,0.221728221,0,0,0,0,0,0,0,0,0,7.928161621,1.731323242,113,556,6.93121E-07,3.85178E-06,38,66,9,396,160,0
holoSyst_s05.wav,4,250,590,340,590,0.252640297,0,0,0,0,0,0.241387676,0,0,0,0,0,0,0,0,0,8.701507568,1.775421143,136,523,1.176E-06,3.95162E-06,57,64,15,312,211,0
holoSyst_s06.wav,4,210,570,360,580,0.226041291,0,0,0,0,0,0.216577552,0,0,0,0,0,0,0,0,0,7.573913574,1.774505615,119,565,6.3341E-07,3.94463E-06,44,66,9,385,180,0
holoSyst_s07.wav,4,320,660,340,600,0.249128526,0,0,0,0,0,0.228647782,0,0,0,0,0,0,0,0,0,8.686706543,1.764221191,129,530,1.01324E-06,3.9713E-06,52,69,8,309,221,0
holoSyst_s08.wav,4,290,650,360,590,0.235674959,0,0,0,0,0,0.221276524,0,0,0,0,0,0,0,0,0,8.620788574,1.764587402,130,531,1.05779E-06,3.92584E-06,53,63,14,317,214,0
holoSyst_s09.wav,4,340,680,340,590,0.250911192,0,0,0,0,0,0.230510162,0,0,0,0,0,0,0,0,0,7.874206543,1.733032227,122,552,9.05407E-07,3.88072E-06,42,72,8,394,158,0
holoSyst_s10.wav,4,280,640,360,600,0.233693549,0,0,0,0,0,0.232435792,0,0,0,0,0,0,0,0,0,8.718811035,1.816070557,132,543,1.11046E-06,4.036E-06,55,68,9,316,227,0
holoSyst_s11.wav,4,270,610,340,590,0.236488783,0,0,0,0,0,0.235401505,0,0,0,0,0,0,0,0,0,7.509429932,1.770721436,124,560,7.54718E-07,3.97421E-06,54,64,6,381,179,0
holoSyst_s12.wav,4,280,620,340,600,0.202510876,0,0,0,0,0,0.211517669,0,0,0,0,0,0,0,0,0,8.369659424,1.77142334,125,527,1.05484E-06,3.94883E-06,51,56,18,313,214,0
holoSyst_s13.wav,4,320,660,340,600,0.250743124,0,0,0,0,0,0.24981548,0,0,0,0,0,0,0,0,0,8.696411133,1.77444458,130,528,1.06104E-06,3.94985E-06,50,65,15,313,215,0
holoSyst_s14.wav,4,280,620,340,570,0.248206797,0,0,0,0,0,0.261832663,0,0,0,0,0,0,0,0,0,8.260040283,1.731658936,119,556,6.70406E-07,3.75754E-06,45,69,5,407,149,0
holoSyst_s15.wav,4,280,620,340,600,0.228716291,0,0,0,0,0,0.220124579,0,0,0,0,0,0,0,0,0,8.674438477,1.820953369,130,540,1.06101E-06,4.01787E-06,52,70,8,315,225,0
holoSyst_s16.wav,4,260,620,360,580,0.239694993,0,0,0,0,0,0.221982089,0,0,0,0,0,0,0,0,0,7.867980957,1.7734375,129,565,7.27593E-07,3.94836E-06,55,68,6,391,174,0
holoSyst_s17.wav,4,340,680,340,600,0.24482457,0,0,0,0,0,0.227433224,0,0,0,0,0,0,0,0,0,8.390289307,1.775787354,127,526,1.09486E-06,4.01322E-06,53,56,18,314,212,0
holoSyst_s18.wav,4,270,630,360,600,0.231189291,0,0,0,0,0,0.210507099,0,0,0,0,0,0,0,0,0,8.755096436,1.817932129,132,530,1.08813E-06,4.03417E-06,54,64,14,311,219,0
holoSyst_s19.wav,4,320,660,340,590,0.236768899,0,0,0,0,0,0.218378423,0,0,0,0,0,0,0,0,0,8.263061523,1.769470215,119,569,6.65142E-07,3.88072E-06,44,70,5,411,158,0
holoSyst_s20.wav,4,280,640,360,590,0.219347116,0,0,0,0,0,0.220799134,0,0,0,0,0,0,0,0,0,8.623687744,1.76739502,131,525,1.05484E-06,3.97885E-06,54,63,14,312,213,0
holoSyst_s21.wav,4,280,620,340,600,0.239096948,0,0,0,0,0,0.255801939,0,0,0,0,0,0,0,0,0,7.853912354,1.769256592,127,559,6.8046E-07,3.91768E-06,52,69,6,389,170,0
lateSyst_s01.wav,3,340,680,340,610,0.300865929,0,0,0,0,0,0.229079303,0,0,0,0,0,0,0,0,0,4.052520752,1.794952393,176,565,3.16398E-06,3.87132E-06,103,73,0,374,191,0
lateSyst_s02.wav,3,310,660,350,590,0.253619317,0,0,0,0,0,0.232179233,0,0,0,0,0,0,0,0,0,4.420806885,1.754608154,173,605,2.98667E-06,3.6093E-06,101,72,0,416,189,0
lateSyst_s03.wav,3,240,580,340,610,0.254146668,0,0,0,0,0,0.229953881,0,0,0,0,0,0,0,0,0,4.437225342,1.717224121,171,591,2.98291E-06,3.66723E-06,100,71,0,405,186,0
lateSyst_s04.wav,3,280,630,350,650,0.295191787,0,0,0,0,0,0.194461702,0,0,0,0,0,0,0,0,0,4.362670898,1.886962891,183,671,2.93911E-06,3.42741E-06,101,82,0,413,258,0
lateSyst_s05.wav,3,260,600,340,600,0.275871804,0,0,0,0,0,0.22950496,0,0,0,0,0,0,0,0,0,4.43536377,1.719909668,171,598,2.98877E-06,3.63839E-06,99,72,0,412,186,0
lateSyst_s06.wav,3,280,640,360,590,0.274549981,0,0,0,0,0,0.253509055,0,0,0,0,0,0,0,0,0,3.779663086,1.770751953,172,570,3.12936E-06,3.93623E-06,88,84,0,363,207,0
lateSyst_s07.wav,3,290,630,340,600,0.240609113,0,0,0,0,0,0.237400927,0,0,0,0,0,0,0,0,0,4.192108154,1.717224121,167,598,3.03556E-06,3.6179E-06,97,70,0,407,191,0
lateSyst_s08.wav,3,250,590,340,600,0.241093174,0,0,0,0,0,0.270886446,0,0,0,0,0,0,0,0,0,4.400421143,1.75012207,172,605,2.91989E-06,3.63841E-06,102,70,0,419,186,0
lateSyst_s09.wav,3,290,650,360,610,0.250933697,0,0,0,0,0,0.258470112,0,0,0,0,0,0,0,0,0,4.539215088,1.838348389,187,611,2.90909E-06,3.61998E-06,113,74,0,407,204,0
lateSyst_s10.wav,3,260,610,350,600,0.25780021,0,0,0,0,0,0.226660704,0,0,0,0,0,0,0,0,0,4.309844971,1.72164917,172,602,2.99961E-06,3.58479E-06,103,69,0,405,197,0
lateSyst_s11.wav,3,310,660,350,600,0.29042836,0,0,0,0,0,0.216049074,0,0,0,0,0,0,0,0,0,4.037841797,1.718017578,171,564,3.20228E-06,3.83802E-06,94,77,0,361,203,0
lateSyst_s12.wav,3,330,680,350,610,0.235158099,0,0,0,0,0,0.249636563,0,0,0,0,0,0,0,0,0,4.416046143,1.751037598,170,606,2.99271E-06,3.61914E-06,99,71,0,419,187,0
lateSyst_s13.wav,3,280,620,340,600,0.274123911,0,0,0,0,0,0.229937033,0,0,0,0,0,0,0,0,0,4.435974121,1.71987915,174,595,2.98373E-06,3.59686E-06,105,69,0,409,186,0
lateSyst_s14.wav,3,320,670,350,650,0.292437585,0,0,0,0,0,0.203285922,0,0,0,0,0,0,0,0,0,4.358917236,1.889404297,185,671,2.91157E-06,3.42876E-06,104,81,0,416,255,0
lateSyst_s15.wav,3,300,660,360,590,0.28846128,0,0,0,0,0,0.227487457,0,0,0,0,0,0,0,0,0,4.483459473,1.723144531,179,596,3.02894E-06,3.62999E-06,104,75,0,409,187,0
lateSyst_s16.wav,3,310,670,360,590,0.254355893,0,0,0,0,0,0.240415705,0,0,0,0,0,0,0,0,0,3.771942139,1.773834229,173,572,3.1753E-06,3.87568E-06,95,78,0,367,205,0
lateSyst_s18.wav,3,290,630,340,600,0.285298442,0,0,0,0,0,0.241722336,0,0,0,0,0,0,0,0,0,4.35446167,1.721038818,168,589,3.03659E-06,3.65624E-06,99,69,0,400,189,0
lateSyst_s19.wav,3,300,640,340,630,0.26907222,0,0,0,0,0,0.23929513,0,0,0,0,0,0,0,0,0,4.533752441,1.87677002,186,633,2.9063E-06,3.50617E-06,112,74,0,428,205,0
lateSyst_s20.wav,3,250,610,360,590,0.267956259,0,0,0,0,0,0.279222011,0,0,0,0,0,0,0,0,0,4.221862793,1.714782715,168,607,3.04634E-06,3.52675E-06,87,79,2,416,191,0
lateSyst_s21.wav,3,310,660,350,600,0.270931809,0,0,0,0,0,0.230718809,0,0,0,0,0,0,0,0,0,4.023345947,1.800811768,174,564,3.35796E-06,3.89604E-06,96,78,0,374,190,0
lateSyt&Click_s01.wav,3,450,770,320,520,0.48242464,0,0,0,0,0,0.333530594,0,0,0,0,0,0,0,0,0,3.504302979,0.285461426,300,2499,1.46172E-06,1.06913E-07,292,7,1,2499,0,0
lateSyt&Click_s02.wav,3,290,600,310,530,0.430712586,0,0,0,0,0,0.364570724,0,0,0,0,0,0,0,0,0,4.441772461,0.286224365,312,2535,1.56099E-06,1.38739E-07,294,15,3,2535,0,0
lateSyt&Click_s03.wav,3,250,580,330,530,0.430151433,1,370,20,0.042009312,160.7570984,0.368857354,0,0,0,0,0,0.097661682,0,1,0,3.861572266,0.278991699,370,2507,1.3468E-06,1.04598E-07,357,11,2,2507,0,0
lateSyt&Click_s04.wav,3,280,580,300,540,0.380714912,0,0,0,0,0,0.35918019,0,0,0,0,0,0,0,0,0,3.268554688,0.280426025,389,2454,1.10633E-06,1.13492E-07,373,16,0,2454,0,0
lateSyt&Click_s05.wav,3,280,600,320,540,0.444833956,0,0,0,0,0,0.385735895,0,0,0,0,0,0,0,0,0,3.818084717,0.299957275,353,2445,1.38306E-06,1.20006E-07,340,11,2,2445,0,0
lateSyt&Click_s06.wav,3,290,610,320,520,0.487555644,1,400,20,0.043029895,169.4265765,0.315470725,0,0,0,0,0,0.088256377,0,0,0,4.154846191,0.289550781,341,2436,1.5184E-06,1.16732E-07,330,10,1,2436,0,0
lateSyt&Click_s07.wav,3,250,560,310,530,0.399087907,0,0,0,0,0,0.390912042,0,0,0,0,0,0,0,0,0,3.952728271,0.284179688,353,2460,1.29248E-06,1.24094E-07,342,9,2,2460,0,0
lateSyt&Click_s09.wav,3,280,580,300,540,0.385485978,1,380,20,0.036869487,213.3253125,0.350726129,0,0,0,0,0,0.095644171,0,1,0,3.965576172,0.265777588,345,2404,1.27003E-06,1.07629E-07,332,10,3,2404,0,0
lateSyt&Click_s10.wav,3,300,620,320,540,0.464145672,0,0,0,0,0,0.368435837,0,0,0,0,0,0,0,0,0,4.111572266,0.297119141,346,2427,1.44105E-06,1.19299E-07,331,14,1,2427,0,0
lateSyt&Click_s11.wav,3,280,590,310,530,0.476866943,1,390,20,0.060691406,177.0898646,0.321921817,0,0,0,0,0,0.127271153,0,1,0,4.90322876,0.279205322,352,2436,1.43893E-06,1.19666E-07,339,10,3,2436,0,0
lateSyt&Click_s12.wav,3,230,560,330,530,0.376894179,1,360,20,0.03165756,184.1663105,0.400676741,0,0,0,0,0,0.083995886,0,0,0,3.710876465,0.277984619,366,2439,1.26064E-06,1.16735E-07,350,15,1,2439,0,0
lateSyt&Click_s13.wav,3,280,600,320,520,0.425557855,1,390,20,0.041878686,156.5254779,0.365036841,0,0,0,0,0,0.098408912,0,1,0,4.119689941,0.324249268,343,2449,1.65443E-06,1.50552E-07,327,14,2,2449,0,0
lateSyt&Click_s14.wav,3,240,540,300,540,0.410254473,1,340,20,0.078023322,165.8850323,0.320805473,0,0,0,0,0,0.190182745,0,1,0,5.283172607,0.269439697,305,2420,1.49265E-06,1.3101E-07,289,13,3,2420,0,0
lateSyt&Click_s15.wav,3,240,560,320,540,0.473569828,0,0,0,0,0,0.315069261,0,0,0,0,0,0,0,0,0,3.925964355,0.295715332,314,2450,1.79769E-06,1.36096E-07,298,15,1,2450,0,0
lateSyt&Click_s16.wav,3,300,610,310,540,0.416954435,0,0,0,0,0,0.37296304,0,0,0,0,0,0,0,0,0,3.99005127,0.342681885,352,2446,1.27763E-06,1.3751E-07,339,12,1,2446,0,0
lateSyt&Click_s17.wav,3,210,530,320,540,0.424126913,1,320,20,0.06047815,188.3146578,0.3997457,0,0,0,0,0,0.142594465,0,1,0,4.333526611,0.279846191,372,2466,1.46567E-06,1.17884E-07,362,8,2,2466,0,0
lateSyt&Click_s18.wav,3,250,570,320,520,0.463340427,0,0,0,0,0,0.310745128,0,0,0,0,0,0,0,0,0,3.144958496,0.291870117,353,2450,1.45091E-06,1.18433E-07,340,13,0,2450,0,0
lateSyt&Click_s19.wav,3,260,590,330,530,0.42033782,1,380,20,0.076775769,168.5278869,0.366699087,0,0,0,0,0,0.182652536,0,1,0,5.092437744,0.271850586,343,2379,1.53658E-06,1.32201E-07,331,10,2,2379,0,0
lateSyt&Click_s20.wav,3,300,630,330,520,0.429126919,0,0,0,0,0,0.334309707,0,0,0,0,0,0,0,0,0,3.970397949,0.297210693,312,2393,1.59234E-06,1.27976E-07,299,12,1,2393,0,0
lateSyt&Click_s21.wav,3,270,590,320,540,0.392953175,0,0,0,0,0,0.372049475,0,0,0,0,0,0,0,0,0,3.62298584,0.268890381,354,2492,1.40167E-06,1.10206E-07,344,10,0,2492,0,0
lateSyt&Click_s22.wav,3,250,570,320,540,0.478282799,0,0,0,0,0,0.330658065,0,0,0,0,0,0,0,0,0,3.748352051,0.28817749,357,2376,1.50756E-06,1.394E-07,347,10,0,2376,0,0
lateSyt&Click_s23.wav,3,290,600,310,530,0.42894346,0,0,0,0,0,0.383367432,0,0,0,0,0,0,0,0,0,3.63949585,0.291687012,304,2472,1.55781E-06,1.28207E-07,295,8,1,2472,0,0
lateSyt&Click_s24.wav,3,240,560,320,540,0.409590124,1,350,20,0.063461697,184.0760078,0.40017297,0,0,0,0,0,0.15493952,0,1,0,5.169830322,0.288238525,309,2411,1.69156E-06,1.12898E-07,298,9,2,2411,0,0
midSystClick_s01.wav,2,480,810,330,530,0.409563561,1,600,20,0.054591754,175.0136219,0.403031713,0,0,0,0,0,0.133292508,0,1,0,2.286956787,0.736968994,2425,6217,8.04904E-08,2.61565E-09,2413,10,2,6217,0,0
midSystClick_s02.wav,2,270,590,320,520,0.399839927,0,0,0,0,0,0.33067039,0,0,0,0,0,0,0,0,0,1.629089355,0.757507324,2390,6176,6.43302E-08,3.63477E-09,2384,5,1,6176,0,0
midSystClick_s03.wav,2,260,580,320,540,0.399956439,1,380,20,0.049143369,178.2263191,0.37615131,0,0,0,0,0,0.122871805,0,1,0,2.063140869,0.76965332,2411,6196,7.79284E-08,3.73133E-09,2406,3,2,6196,0,0
midSystClick_s04.wav,2,300,620,320,540,0.477785833,1,420,20,0.063868695,143.8138789,0.354575093,0,0,0,0,0,0.133676411,0,1,0,2.570007324,0.752685547,2330,6118,1.03851E-07,2.6938E-09,2326,1,3,6118,0,0
midSystClick_s05.wav,2,230,540,310,530,0.462758163,0,0,0,0,0,0.35085797,0,0,0,0,0,0,0,0,0,1.771118164,0.771514893,2377,6013,6.00722E-08,5.89839E-09,2370,5,2,6013,0,0
midSystClick_s06.wav,2,220,550,330,530,0.416252589,1,340,20,0.050135391,154.9676577,0.399426256,0,0,0,0,0,0.120444635,0,1,0,2.129394531,0.755401611,2329,6173,8.81288E-08,2.63775E-09,2318,10,1,6173,0,0
midSystClick_s07.wav,2,250,580,330,520,0.39153351,1,360,20,0.042568676,175.9018427,0.329294831,0,0,0,0,0,0.108722944,0,1,0,1.799926758,0.749664307,2296,6102,6.72197E-08,3.50392E-09,2287,7,2,6102,0,0
midSystClick_s08.wav,2,290,610,320,540,0.395432243,1,410,20,0.049502676,185.9626614,0.383959451,0,0,0,0,0,0.125186241,0,1,0,2.165008545,0.819976807,2404,6133,6.95129E-08,4.99408E-09,2398,5,1,6133,0,0
midSystClick_s09.wav,2,270,590,320,540,0.461218432,1,380,20,0.041058622,152.7361029,0.362157228,0,0,0,0,0,0.089022076,0,0,0,1.796234131,0.780151367,2382,6196,8.25559E-08,2.6946E-09,2366,15,1,6196,0,0
midSystClick_s10.wav,2,230,540,310,530,0.46105623,0,0,0,0,0,0.332144577,0,0,0,0,0,0,0,0,0,1.032592773,0.774169922,2422,6122,4.30547E-08,6.14021E-09,2411,11,0,6122,0,0
midSystClick_s11.wav,2,230,560,330,530,0.43566985,0,0,0,0,0,0.383884199,0,0,0,0,0,0,0,0,0,1.312683105,0.765869141,2494,6109,6.80948E-08,3.67924E-09,2492,2,0,6109,0,0
midSystClick_s12.wav,2,310,640,330,530,0.406983685,0,0,0,0,0,0.334895126,0,0,0,0,0,0,0,0,0,1.890625,0.766906738,2340,6209,7.70682E-08,3.48907E-09,2328,9,3,6209,0,0
midSystClick_s13.wav,2,250,570,320,540,0.382613063,1,370,20,0.042802426,173.5415989,0.391502283,0,0,0,0,0,0.111868702,0,1,0,1.848144531,0.827514648,2362,6265,7.96145E-08,3.62098E-09,2350,11,1,6265,0,0
midSystClick_s14.wav,2,240,560,320,540,0.477405483,1,350,20,0.042275384,171.1477408,0.361719973,0,0,0,0,0,0.088552363,0,0,0,1.854553223,0.757843018,2308,6227,7.5E-08,2.49295E-09,2303,3,2,6227,0,0
midSystClick_s15.wav,2,320,630,310,530,0.463182073,1,420,20,0.04330403,170.4118363,0.34728443,0,0,0,0,0,0.093492457,0,1,0,1.897460938,0.76965332,2278,6153,9.65706E-08,6.14899E-09,2271,5,2,6153,0,0
midSystClick_s16.wav,2,220,550,330,530,0.406585638,1,340,30,0.05426619,134.7227715,0.409001936,0,0,0,0,0,0.133468045,0,1,0,2.584350586,0.766601563,2396,6191,9.73257E-08,2.85375E-09,2387,6,3,6191,0,0
midSystClick_s17.wav,2,280,600,320,520,0.419978207,0,0,0,0,0,0.336447152,0,0,0,0,0,0,0,0,0,1.466094971,0.769042969,2267,6077,8.82454E-08,4.21421E-09,2261,6,0,6077,0,0
midSystClick_s18.wav,2,300,620,320,540,0.429509787,1,420,20,0.036843817,158.5578318,0.350955857,0,0,0,0,0,0.085781088,0,0,0,1.754302979,0.769561768,2338,6226,9.5753E-08,3.82033E-09,2331,6,1,6226,0,0
midSystClick_s19.wav,2,290,610,320,540,0.481691029,0,0,0,0,0,0.334361437,0,0,0,0,0,0,0,0,0,1.296142578,0.756408691,2415,6129,7.25054E-08,2.46733E-09,2410,5,0,6129,0,0
midSystClick_s20.wav,2,290,600,310,530,0.43587651,0,0,0,0,0,0.378262882,0,0,0,0,0,0,0,0,0,1.926055908,0.763336182,2315,6138,7.7537E-08,6.49331E-09,2309,4,2,6138,0,0
midSystClick_s21.wav,2,320,640,320,540,0.409482752,1,430,20,0.039192359,182.137912,0.40370148,0,0,0,0,0,0.095711868,0,1,0,1.891845703,0.76751709,2252,6122,9.74519E-08,4.13051E-09,2245,5,2,6122,0,0
midSystClick_s22.wav,2,280,600,320,520,0.455804039,0,0,0,0,0,0.306744478,0,0,0,0,0,0,0,0,0,2.353820801,0.761047363,2279,6152,8.80472E-08,4.05554E-09,2270,7,2,6152,0,0
midSystClick_s24_JUST2.wav,2,280,610,330,530,0.442508236,1,400,20,0.031918815,115.5236537,0.311663252,0,0,0,0,0,0.072131572,0,0,0,1.823272705,0.741668701,2372,6049,7.0405E-08,3.44309E-09,2361,11,0,6049,0,0
holoSyst&S3_s03.wav,4,170,450,280,470,0.144951405,1,230,180,0.027509647,382.8239783,0.507358997,1,540,90,0.108644098,67.22791655,0.189785306,0.749520835,1,1,12.29614258,5.283203125,85,1367,5.29348E-07,1.10352E-06,14,16,55,1355,6,6
holoSyst&S3_s04.wav,4,150,430,280,470,0.143876584,1,210,190,0.028543825,365.0153639,0.484718394,1,520,80,0.1176931,79.89242908,0.198391039,0.818014274,1,1,13.01226807,5.241882324,81,1440,5.20797E-07,1.068E-06,4,16,61,1422,12,6
holoSyst&S3_s05.wav,4,150,430,280,470,0.150076074,1,210,190,0.026638569,366.6982173,0.443908744,1,520,90,0.108890082,78.21936002,0.17750044,0.725565903,1,1,12.09210205,5.382049561,83,1360,6.20134E-07,1.20461E-06,9,21,53,1350,5,5
holoSyst&S3_s06.wav,4,200,490,290,460,0.135597353,1,260,190,0.027467985,362.3332164,0.459528318,1,570,90,0.110734559,72.15282935,0.202570218,0.816642479,1,1,12.5383606,5.283172607,81,1416,5.88293E-07,1.1411E-06,7,14,60,1401,10,5
holoSyst&S3_s07.wav,4,170,460,290,460,0.135963331,1,230,190,0.027989419,357.228149,0.484453238,1,550,80,0.116977448,73.10201293,0.205860058,0.860360272,1,1,12.40795898,5.234466553,83,1344,7.06508E-07,1.10384E-06,10,21,52,1337,3,4
holoSyst&S3_s08.wav,4,170,450,280,470,0.116693036,1,230,180,0.028256815,362.1242933,0.525472034,1,540,90,0.11038214,64.84860372,0.242146543,0.945918832,1,1,11.98913574,5.368225098,74,1243,3.56246E-07,1.31714E-06,4,14,56,1234,4,5
holoSyst&S3_s09.wav,4,210,490,280,470,0.13297001,1,270,180,0.029030424,353.9966653,0.536601365,1,580,80,0.1170849,76.54028582,0.218323092,0.880536148,1,1,11.99645996,5.474060059,73,1267,4.94903E-07,1.31107E-06,5,10,58,1257,6,4
holoSyst&S3_s10.wav,4,150,430,280,470,0.143330029,1,210,180,0.02931049,369.5154163,0.516230377,1,520,90,0.113312442,68.06673132,0.204496502,0.790570145,1,1,12.87576294,5.474609375,76,1228,3.50625E-07,1.40373E-06,8,12,56,1216,6,6
holoSyst&S3_s11.wav,4,180,460,280,470,0.146970625,1,240,180,0.028674553,370.0786258,0.488696625,1,550,80,0.117912872,77.84987925,0.195103977,0.802288699,1,1,12.54501343,5.396759033,76,1341,4.35172E-07,1.16312E-06,5,12,59,1327,8,6
holoSyst&S3_s12.wav,4,200,490,290,460,0.133853844,1,260,180,0.02728273,358.7675063,0.451402113,1,570,90,0.111727759,71.41275327,0.203824776,0.834699664,1,1,11.62963867,5.316650391,73,1333,4.50342E-07,1.10547E-06,8,7,58,1323,5,5
holoSyst&S3_s13.wav,4,160,450,290,460,0.122395002,1,220,190,0.028574556,364.9028275,0.49414552,1,530,80,0.115591697,80.96811978,0.233461787,0.944415169,1,1,12.90847778,5.345123291,77,1300,3.65665E-07,1.18812E-06,4,14,59,1291,4,5
holoSyst&S3_s14.wav,4,160,460,300,450,0.124622682,1,220,20,0.027623796,413.8496323,0.524595065,1,550,80,0.121377131,63.30356474,0.221659453,0.973956977,1,1,13.83148193,5.27923584,82,1299,4.58915E-07,1.23966E-06,6,18,58,1288,4,7
holoSyst&S3_s15.wav,4,150,450,300,450,0.131674395,1,210,200,0.030611047,351.7046792,0.52148715,1,540,70,0.129076164,82.05136497,0.232475323,0.980267758,1,1,14.32662964,5.369384766,80,1285,2.94319E-07,1.33427E-06,8,11,61,1273,5,7
holoSyst&S3_s16.wav,4,150,450,300,450,0.136408163,1,210,200,0.029582837,368.2219987,0.481425629,1,540,80,0.12150614,70.52888055,0.216869992,0.89075417,1,1,14.24905396,5.40411377,88,1300,5.16545E-07,1.35492E-06,12,14,62,1288,7,5
holoSyst&S3_s17.wav,4,170,470,300,470,0.126091923,1,230,200,0.03048084,362.7637127,0.436065826,1,560,80,0.120420204,78.0536424,0.241735069,0.955019179,1,1,14.35055542,5.475982666,80,1271,4.13301E-07,1.45488E-06,5,9,66,1257,9,5
holoSyst&S3_s18.wav,4,240,540,300,450,0.129777647,1,300,190,0.027523249,367.212572,0.490846089,1,620,80,0.119435518,72.78944157,0.212080043,0.920308855,1,1,12.61529541,5.317016602,88,1323,8.54804E-07,1.11813E-06,8,18,62,1307,9,7
holoSyst&S3_s19.wav,4,150,450,300,450,0.143346787,1,210,200,0.026643532,343.6979092,0.495256373,1,530,90,0.112505352,69.79875214,0.185867658,0.78484739,1,1,11.809021,5.344116211,76,1265,6.84168E-07,1.31778E-06,2,16,58,1256,4,5
holoSyst&S3_s20.wav,4,160,460,300,450,0.148783467,1,220,200,0.027041764,364.7885419,0.456254902,1,540,80,0.11675186,77.24290241,0.181752482,0.784709905,1,1,12.91064453,5.356567383,82,1243,6.28428E-07,1.39395E-06,11,10,61,1234,5,4
holoSyst&S3_s21.wav,4,150,450,300,450,0.142859757,1,210,200,0.029649006,346.868023,0.408064336,1,530,90,0.111782688,70.33496344,0.207539245,0.782464496,1,1,13.47418213,5.305633545,83,1241,6.56232E-07,1.4008E-06,11,12,60,1233,3,5
holoSyst&S3_s22.wav,4,150,430,280,470,0.138608141,1,210,190,0.026821215,364.9314114,0.452307145,1,520,80,0.115426183,81.59426783,0.193503891,0.832751831,1,1,12.2310791,5.360687256,83,1386,4.41458E-07,1.04296E-06,10,15,58,1377,5,4
holoSyst&S3_s23.wav,4,150,430,280,470,0.14906281,1,200,200,0.026547186,367.5241059,0.462610645,1,530,80,0.122734308,68.91142286,0.178093961,0.823373099,1,1,12.7428894,5.38671875,84,1272,3.65254E-07,1.29151E-06,11,13,60,1260,7,5
holoSyst&S3_s24.wav,4,180,470,290,460,0.150991574,1,240,190,0.027532994,360.909569,0.416019794,1,560,80,0.116460265,73.29174432,0.182347881,0.771303075,1,1,12.26672363,5.237945557,77,1377,3.87742E-07,1.21703E-06,5,15,57,1359,13,5
holoSyst&S3_s25.wav,4,140,430,290,460,0.140192003,1,190,170,0.030762143,362.1663839,0.4687535,1,520,80,0.119756302,70.8942836,0.21942866,0.854230627,1,1,13.84176636,5.243011475,84,1290,3.30575E-07,1.24062E-06,9,17,58,1281,4,5
holoSyst&S3_s26.wav,4,180,460,280,470,0.125887003,1,240,180,0.029452642,368.3348753,0.527347104,1,550,90,0.110713366,68.00207894,0.233960943,0.879466211,1,1,12.94467163,5.425994873,75,1312,4.35118E-07,9.58536E-07,6,12,57,1303,5,4
holoSyst&S3_s27.wav,4,130,410,280,470,0.130518922,1,190,180,0.03266159,359.1340446,0.516604707,1,500,80,0.117034353,75.2251298,0.250244097,0.896684947,1,1,13.9654541,5.434356689,76,1275,5.8304E-07,1.30741E-06,3,14,59,1267,4,4
holoSyst&S3_s28.wav,4,180,470,290,460,0.124723994,1,240,180,0.027986382,361.3079579,0.438189821,1,550,90,0.112472954,68.89027779,0.22438651,0.901774791,1,1,12.02804565,5.297821045,72,1295,3.42743E-07,1.22901E-06,6,8,58,1279,9,7
holoSyst&S3_s29.wav,4,120,420,300,450,0.126593505,1,180,190,0.026901365,368.5264945,0.50066399,1,500,80,0.11625588,80.18848703,0.212501934,0.918340002,1,1,12.39477539,5.32144165,81,1323,2.88079E-07,1.06959E-06,9,18,54,1309,9,5
midSyst_T11_s01.wav,2,450,700,250,480,0.230472321,1,510,130,0.031018787,151.9983758,0.076697463,1,1130,20,0.03340556,157.5600019,0.134587907,0.144943911,1,1,4.39654541,2.736816406,65,1014,5.73637E-06,3.58725E-07,29,19,17,881,128,5
midSyst_T11_s02.wav,2,270,500,230,460,0.219889655,1,330,110,0.044954411,142.3498987,0.178316976,0,0,0,0,0,0.204440775,0,1,0,4.893798828,1.54776001,64,1000,5.79124E-06,2.35751E-07,29,22,13,951,47,2
midSyst_T11_s03.wav,2,210,450,240,440,0.182404155,1,270,130,0.032895904,128.3641017,0.210218439,0,0,0,0,0,0.180346242,0,1,0,4.190826416,1.457183838,72,1167,5.25706E-06,1.6111E-07,39,9,24,1093,64,10
midSyst_T11_s04.wav,2,180,440,260,470,0.167358963,1,240,120,0.020516938,126.7505065,0.151637266,0,0,0,0,0,0.122592405,0,1,0,2.529907227,1.808837891,100,1325,3.32003E-06,2.14849E-07,46,34,20,1201,123,1
midSyst_T11_s05.wav,2,210,470,260,450,0.198586102,1,270,140,0.037585277,125.3793148,0.223841613,0,0,0,0,0,0.189264388,0,1,0,4.695495605,2.196258545,66,751,7.86571E-06,5.02385E-07,25,24,17,637,114,0
midSyst_T11_s06.wav,2,210,480,270,490,0.220982995,1,270,150,0.028556236,138.937059,0.066101019,1,920,20,0.022635432,137.6081259,0.129223682,0.102430651,1,1,3.910705566,2.510772705,74,1048,5.57467E-06,3.90347E-07,34,25,15,921,122,5
midSyst_T11_s07.wav,2,210,440,230,450,0.18182707,1,270,110,0.037614587,131.8106993,0.119598908,0,0,0,0,0,0.206870116,0,1,0,3.575714111,1.526428223,63,1115,6.11172E-06,1.71838E-07,34,14,15,1023,90,2
midSyst_T11_s08.wav,2,140,370,230,440,0.168638787,1,200,120,0.027370531,135.9322153,0.159994585,0,0,0,0,0,0.1623027,0,1,0,3.230682373,1.657226563,73,944,4.19752E-06,3.10778E-07,32,18,23,853,91,0
midSyst_T11_s09.wav,2,270,520,250,490,0.207681233,1,330,140,0.023727817,123.4875943,0.156561021,0,0,0,0,0,0.114251139,0,1,0,2.977203369,1.809356689,95,1097,3.68119E-06,2.48645E-07,45,38,12,881,215,1
midSyst_T11_s10.wav,2,200,460,260,440,0.216388573,1,260,150,0.039669678,136.2194425,0.226770892,0,0,0,0,0,0.183326123,0,1,0,5.261138916,1.362823486,60,975,7.64671E-06,2.01822E-07,22,15,23,936,39,0
midSyst_T11_s11.wav,2,170,400,230,460,0.265687435,1,230,110,0.046607207,138.7967161,0.157925477,1,820,10,0.023260508,130.2621649,0.175421194,0.087548391,1,0,5.027709961,2.040527344,65,989,6.52668E-06,3.30749E-07,26,27,12,930,56,3
midSyst_T11_s12.wav,2,210,450,240,440,0.124848441,1,270,140,0.031796178,140.0067772,0.216611023,1,850,10,0.01886895,161.9556507,0.25467821,0.15113485,1,1,4.39251709,1.762237549,63,1179,7.05661E-06,2.04914E-07,30,4,29,1124,48,7
midSyst_T11_s13.wav,2,230,480,250,480,0.163166761,1,290,120,0.01949727,137.5817647,0.139333098,0,0,0,0,0,0.119492905,0,1,0,2.427490234,1.753417969,96,1331,3.89239E-06,1.83485E-07,43,31,22,1211,118,2
midSyst_T11_s14.wav,2,200,450,250,460,0.23341831,1,250,140,0.038642708,126.6491661,0.183865483,0,0,0,0,0,0.165551314,0,1,0,4.787780762,2.397918701,63,738,7.6969E-06,5.95534E-07,27,18,18,622,115,1
earlySyst_v2T14_s01.wav,1,400,760,360,690,0.240978326,1,460,160,0.040393029,396.3192377,0.201879272,0,0,0,0,0,0.167621002,0,1,0,20.12597656,1.057312012,122,190,3.95849E-07,4.03797E-06,30,64,28,187,3,0
earlySyst_v2T14_s02.wav,1,330,690,360,660,0.276202901,1,390,140,0.04631807,377.2115138,0.150435588,0,0,0,0,0,0.167695813,0,1,0,20.36239624,1.274810791,115,176,4.11981E-07,2.93047E-06,30,53,32,173,3,0
earlySyst_v2T14_s03.wav,1,340,700,360,660,0.301676907,1,400,150,0.0470636,391.7914263,0.225058933,0,0,0,0,0,0.156006637,0,1,0,22.91366577,1.257385254,118,185,3.1856E-07,2.88278E-06,24,62,32,180,5,0
earlySyst_v2T14_s04.wav,1,380,740,360,650,0.342900255,1,440,170,0.04477808,387.9229436,0.203056437,0,0,0,0,0,0.130586312,0,1,0,23.40597534,1.326446533,112,175,3.11047E-07,3.18006E-06,23,59,30,169,6,0
holoSyst_v2T13_s01.wav,4,240,570,330,560,0.16756446,1,300,210,0.086262076,194.2526399,0.130748664,1,630,20,0.02362199,91.32305191,0.514799356,0.140972555,1,1,21.67993164,0.494506836,50,504,2.94154E-06,7.78268E-07,9,4,37,503,0,1
holoSyst_v2T13_s02.wav,4,280,600,320,590,0.239206526,1,340,200,0.101128471,170.556901,0.429647488,1,630,60,0.036224402,111.4758849,0.422766353,0.151435674,1,1,21.57989502,1.826263428,51,534,3.22558E-06,1.3864E-06,9,9,33,529,0,5
holoSyst_v2T13_s03.wav,4,340,670,330,580,0.201737671,1,400,210,0.10695447,191.7054256,0.170237223,1,730,20,0.028197033,102.4277755,0.530166078,0.139770786,1,1,26.81576538,0.881561279,50,534,3.07233E-06,8.20662E-07,9,4,37,531,2,1
holoSyst_v2T13_s04.wav,4,260,580,320,590,0.243979017,1,320,200,0.106234343,167.8151767,0.445229153,1,650,20,0.037216119,105.1992587,0.435424096,0.152538194,1,1,22.68603516,0.933105469,49,503,3.11927E-06,1.33579E-06,8,9,32,501,0,2
holoSyst_v2T5_01_s01.wav,4,500,860,360,660,0.209408569,1,560,240,0.053384236,385.4073583,0.149004873,0,0,0,0,0,0.254928612,0,1,0,31.27166748,0.573883057,102,490,3.38394E-07,1.26255E-06,11,12,79,489,1,0
holoSyst_v2T5_01_s02.wav,4,340,700,360,650,0.229300334,1,400,240,0.065098865,392.4064149,0.045315145,0,0,0,0,0,0.283902184,0,1,0,38.67495728,0.547973633,108,483,4.02006E-07,1.25538E-06,9,10,89,481,2,0
holoSyst_v2T5_01_s03.wav,4,350,700,350,650,0.227724915,1,410,230,0.048393753,394.83249,0.16722463,0,0,0,0,0,0.2125097,0,1,0,27.38528442,0.650909424,101,464,3.71493E-07,1.53389E-06,9,20,72,461,3,0
holoSyst_v2T5_01_s04_JUST2.wav,4,330,690,360,670,0.202031216,1,390,240,0.042632408,399.6817894,0.205600518,0,0,0,0,0,0.211018916,0,1,0,26.46142578,0.619995117,112,480,2.87146E-07,1.53293E-06,16,23,73,478,2,0
holoSyst_v2T5_02_s01.wav,4,370,720,350,660,0.234724002,1,430,230,0.084848551,318.1673346,0.196548496,0,0,0,0,0,0.361482209,0,1,0,40.26187134,1.251373291,87,187,5.5407E-07,3.7565E-06,5,7,75,182,5,0
holoSyst_v2T5_02_s02.wav,4,350,700,350,650,0.294665527,1,410,230,0.091120391,304.3762716,0.080991414,0,0,0,0,0,0.309233291,0,1,0,39.89971924,1.230621338,87,188,9.20748E-07,3.01243E-06,14,10,63,185,3,0
holoSyst_v2T5_02_s03.wav,4,400,750,350,650,0.312375556,1,460,230,0.10439195,315.0262704,0.144232534,0,0,0,0,0,0.33418732,0,1,0,47.87350464,1.292144775,87,166,6.65196E-07,3.30786E-06,10,9,68,166,0,0
holoSyst_v2T5_02_s04.wav,4,370,730,360,650,0.24947659,1,430,240,0.109204154,308.9365383,0.061376597,0,0,0,0,0,0.437733074,0,1,0,50.75808716,1.272247314,92,191,7.15134E-07,2.79156E-06,12,9,71,186,5,0
holoSyst_v2T5_03_s01.wav,4,130,520,390,660,0.188044637,1,190,270,0.102811947,169.4473115,0.039344177,1,600,520,0.01918461,131.6444969,0.546742243,0.102021573,1,1,29.55511475,7.956420898,62,185,5.37213E-06,4.90327E-06,12,4,46,77,22,86
holoSyst_v2T5_03_s03.wav,4,380,760,380,710,0.259712728,1,440,260,0.10882286,167.0702821,0.039396769,1,810,600,0.014713579,141.4125991,0.419012427,0.056653283,1,0,30.1678772,7.414672852,56,212,3.85892E-06,3.62755E-06,9,3,44,86,29,97
holoSyst_v2T5_03_s04.wav,4,190,630,440,660,0.214060974,1,250,320,0.077263628,158.9789665,0.034816945,1,690,540,0.01721862,121.6783256,0.360942149,0.08043792,1,0,25.42199707,7.050354004,88,194,4.47737E-06,5.80094E-06,33,15,40,76,20,98
holoSyst_v2T5_03_s05.wav,4,150,500,350,740,0.234389648,1,210,230,0.111778595,183.2819327,0.046956719,1,580,160,0.018173896,129.420271,0.476892199,0.07753711,1,0,30.4642334,8.155303955,54,195,2.64332E-06,6.35593E-06,7,5,42,80,43,72
holoSyst_v2T5_04_s01.wav,4,470,760,290,690,0.182372589,1,530,170,0.092276918,143.1720234,0.109165209,1,880,20,0.020676416,113.9506596,0.505980196,0.113374584,1,1,14.12792969,7.177429199,29,158,2.81404E-06,4.8513E-06,1,3,25,81,64,13
holoSyst_v2T5_04_s02.wav,4,330,630,300,650,0.243260295,1,390,180,0.120401462,142.3339605,0.089539388,0,0,0,0,0,0.494949094,0,1,0,19.32211304,9.622039795,32,150,5.68644E-06,2.75878E-06,4,3,25,83,51,16
holoSyst_v2T5_05_s01.wav,4,240,630,390,610,0.080940213,1,300,140,0.063375844,110.6704033,0.018264567,1,690,490,0.050048771,123.9763899,0.782995772,0.618342472,1,1,6.960388184,20.44189453,48,94,1.29812E-05,9.57623E-06,18,17,13,22,8,64
holoSyst_v2T5_05_s02.wav,4,220,650,430,680,0.213691203,1,280,310,0.098836134,134.2298794,0.061681315,1,710,560,0.038779019,112.2295727,0.462518499,0.18147223,1,1,25.22836304,15.00457764,68,104,9.60611E-06,1.34472E-05,24,18,26,40,5,59
holoSyst_v2T5_05_s03.wav,4,250,660,410,650,0.136114248,1,310,290,0.173093575,142.1689869,0.030160149,1,720,530,0.026891468,111.1019112,1.271678596,0.197565413,1,1,44.12097168,8.517028809,51,111,7.04109E-06,1.4423E-05,8,3,40,36,14,61
holoSyst_v2T5_05_s04.wav,4,300,550,250,750,0.236509111,1,360,130,0.169437803,143.058277,0.091243998,1,1140,100,0.103256686,114.8320268,0.716411314,0.436586506,1,1,20.31634521,14.33166504,23,119,5.05219E-06,1.30931E-05,1,4,18,63,36,20
holoSyst_v2T5_05_s05.wav,4,150,510,360,700,0.121521471,1,210,240,0.144879886,153.2165276,0.026536492,1,570,20,0.013560831,165.8221898,1.192216359,0.111592054,1,1,32.62338257,8.952667236,45,130,3.03481E-06,1.02347E-05,6,1,38,65,39,26
holoSyst_v3T14_s01.wav,4,260,620,360,630,0.187176175,1,320,240,0.083631524,323.0833558,0.235879856,0,0,0,0,0,0.44680646,0,1,0,41.52676392,1.332061768,90,154,5.7131E-07,3.6429E-06,12,6,72,153,1,0
holoSyst_v3T14_s02.wav,4,330,680,350,640,0.441134203,1,390,230,0.152367205,322.8882056,0.368795776,0,0,0,0,0,0.345398757,0,1,0,72.20449829,2.028045654,87,168,5.51151E-07,3.49108E-06,11,10,66,167,1,0
holoSyst_v3T14_s03.wav,4,380,730,350,620,0.410535736,1,440,230,0.15032472,325.0624294,0.3725914,0,0,0,0,0,0.366167197,0,1,0,72.24447632,1.979766846,87,163,5.61138E-07,3.55346E-06,10,11,66,163,0,0
holoSyst_v3T14_s04.wav,4,330,690,360,630,0.411879391,1,390,240,0.153206857,320.9711555,0.377137926,0,0,0,0,0,0.371970194,0,1,0,75.40792847,1.973754883,91,147,5.598E-07,3.51224E-06,12,13,66,147,0,0
lateSyst&Click_v1T14_01_s01.wav,3,240,600,360,660,0.375440165,1,390,20,0.125178596,150.2616066,0.336034597,0,0,0,0,0,0.333418231,0,1,0,21.89227295,1.770996094,93,188,3.86765E-06,3.28174E-06,42,28,23,187,1,0
lateSyst&Click_v1T14_01_s02.wav,3,340,700,360,660,0.382952677,1,560,80,0.115457315,361.0066262,0.265605876,0,0,0,0,0,0.301492383,0,1,0,26.76690674,1.929718018,93,196,2.15171E-06,4.16585E-06,45,19,29,192,4,0
lateSyst&Click_v1T14_01_s03.wav,3,320,690,370,670,0.380224067,1,480,20,0.09020553,174.9155189,0.358534834,0,0,0,0,0,0.237243084,0,1,0,24.39431763,1.730560303,99,189,2.91339E-06,3.40288E-06,43,23,33,186,3,0
lateSyst&Click_v1T14_01_s04.wav,3,290,650,360,670,0.371528727,1,450,20,0.121438825,164.585505,0.359575263,0,0,0,0,0,0.326862543,0,1,0,22.28912354,1.864562988,90,191,3.48492E-06,3.75113E-06,46,17,27,185,6,0
lateSyst&Click_v1T14_01_s05.wav,3,320,670,350,630,0.375591702,1,460,30,0.066568604,116.9334725,0.247010362,0,0,0,0,0,0.177236619,0,1,0,22.28271484,1.620605469,88,181,4.07263E-06,4.17903E-06,36,22,30,175,6,0
lateSyst&Click_v1T14_01_s06.wav,3,330,700,370,670,0.4148025,1,490,20,0.081799605,140.1261962,0.262877248,0,0,0,0,0,0.19720133,0,1,0,19.58093262,1.915313721,95,187,2.24122E-06,4.60573E-06,47,25,23,173,14,0
lateSyst&Click_v1T14_03_s01.wav,3,120,480,360,670,0.153695577,1,280,40,0.061857574,149.199541,0.123358968,0,0,0,0,0,0.40246815,0,1,0,2.597412109,0.198608398,274,674,1.39204E-06,3.9038E-07,269,0,5,674,0,0
lateSyst&Click_v1T14_03_s02.wav,3,370,730,360,670,0.260719808,1,530,40,0.119394213,97.83444164,0.214802246,0,0,0,0,0,0.457940704,0,1,0,4.809326172,0.307769775,284,674,1.13465E-06,4.17351E-07,279,0,5,674,0,0
lateSyst&Click_v1T14_03_s03.wav,3,330,700,370,660,0.234657796,1,490,40,0.107453959,116.6541671,0.196511027,0,0,0,0,0,0.457917703,0,1,0,4.469787598,0.297027588,291,673,1.14618E-06,3.85969E-07,286,0,5,673,0,0
lateSyst&Click_v1T14_03_s04.wav,3,300,670,370,660,0.276899211,1,460,30,0.131216931,151.593444,0.216567518,0,0,0,0,0,0.473879758,0,1,0,4.459686279,0.288879395,288,685,1.30614E-06,3.81733E-07,283,0,5,685,0,0
lateSyst&Click_v1T14_04_s01.wav,3,150,510,360,670,0.111496209,1,310,30,0.049157753,122.7258396,0.084732412,0,0,0,0,0,0.440891699,0,1,0,1.652770996,0.150421143,318,780,1.00106E-06,2.69198E-07,313,0,5,780,0,0
lateSyst&Click_v1T14_04_s02.wav,3,320,680,360,670,0.214125705,1,480,30,0.071021936,122.2372313,0.13056878,0,0,0,0,0,0.331683373,0,1,0,2.407287598,0.186584473,282,706,1.06774E-06,3.98871E-07,277,1,4,706,0,0
lateSyst&Click_v1T14_04_s03.wav,3,370,730,360,670,0.192347446,1,530,30,0.069964799,133.3935769,0.112828657,0,0,0,0,0,0.363741761,0,1,0,2.409790039,0.199707031,240,617,1.26245E-06,4.47634E-07,235,0,5,617,0,0
lateSyst&Click_v1T14_04_s04.wav,3,340,700,360,670,0.164090271,1,510,30,0.068458171,163.8178655,0.109428474,0,0,0,0,0,0.417198235,0,1,0,2.419281006,0.206298828,221,581,1.47667E-06,5.41515E-07,216,0,5,581,0,0
lateSyst&Click_v1T14_04_s05.wav,3,400,760,360,670,0.156804403,1,560,40,0.057686113,139.1570464,0.109589522,0,0,0,0,0,0.3678858,0,1,0,2.412597656,0.19342041,252,620,1.30591E-06,4.5396E-07,247,0,5,620,0,0
lateSyst&Click_v2T16_s01.wav,3,290,650,360,650,0.319290721,1,440,20,0.054855482,181.8452254,0.288816647,0,0,0,0,0,0.171804186,0,1,0,21.51321411,0.104156494,145,709,1.83557E-06,4.30294E-07,101,12,32,709,0,0
lateSyst&Click_v2T16_s02.wav,3,330,680,350,650,0.322236464,1,480,20,0.090460188,150.0609685,0.246555159,0,0,0,0,0,0.280726107,0,1,0,19.73336792,0.118499756,153,713,1.61053E-06,3.46966E-07,103,19,31,712,1,0
lateSyst&Click_v2T16_s03.wav,3,350,700,350,650,0.334076267,1,500,20,0.093023167,168.2018048,0.265099759,0,0,0,0,0,0.278448895,0,1,0,20.24346924,0.371490479,142,681,1.61368E-06,6.2983E-07,98,15,29,680,0,1
lateSyst&Click_v2T16_s04_JUST2.wav,3,370,740,370,640,0.33072581,1,580,100,0.06991177,398.421657,0.245871379,0,0,0,0,0,0.211388916,0,1,0,22.22445679,0.111297607,152,677,1.68719E-06,4.59608E-07,102,19,31,677,0,0
lateSyst_v2T16_s01.wav,3,390,750,360,620,0.245099216,1,600,90,0.06822475,373.7804234,0.268759833,0,0,0,0,0,0.278355644,0,1,0,16.08377075,0.128479004,172,634,1.30895E-06,5.117E-07,131,11,30,634,0,0
lateSyst_v2T16_s02.wav,3,350,710,360,630,0.378511556,1,560,90,0.085677085,375.2824932,0.317852393,0,0,0,0,0,0.226352627,0,1,0,19.9052124,0.10925293,179,622,1.4334E-06,5.66343E-07,140,11,28,622,0,0
lateSyst_v2T16_s03.wav,3,350,710,360,600,0.357350972,1,560,90,0.089756787,374.9352932,0.359706963,0,0,0,0,0,0.251172639,0,1,0,21.35443115,0.147949219,156,630,1.24076E-06,4.53544E-07,115,13,28,630,0,0
midSyst_v2T18_s01.wav,2,200,550,350,620,0.41400494,1,260,30,0.132689209,126.01594,0.352480333,0,0,0,0,0,0.320501511,0,1,0,21.29730225,0.165100098,81,648,2.87496E-06,3.87929E-07,32,30,19,648,0,0
midSyst_v2T18_s02.wav,2,380,730,350,640,0.527711538,1,490,90,0.092609468,282.9466538,0.32684455,0,0,0,0,0,0.175492597,0,1,0,24.76062012,0.205413818,79,709,1.46633E-06,4.89988E-07,32,25,22,708,1,0
midSyst_v2T18_s03.wav,2,350,680,330,700,0.465595059,1,420,150,0.063019531,255.958287,0.085760329,1,1310,10,0.155478126,104.9630507,0.135352663,0.333934226,1,1,17.85113525,2.360046387,73,722,2.48878E-06,4.9344E-07,30,25,18,720,0,2
midSyst_v2T18_s04.wav,2,340,690,350,640,0.425629595,1,400,20,0.129249731,114.6751525,0.344394633,0,0,0,0,0,0.303667162,0,1,0,23.0975647,0.4715271,76,664,3.14557E-06,1.09241E-06,30,22,24,657,7,0
midSyst_v2T28_01_s01.wav,2,190,540,350,670,0.204348755,1,250,250,0.110124183,159.5062842,0.112864685,1,1050,100,0.128254096,142.0897861,0.538903127,0.627623572,1,1,28.60891724,10.96466064,51,572,4.95362E-06,1.56569E-06,7,7,37,554,2,16
midSyst_v2T28_01_s02.wav,2,360,730,370,570,0.298686659,1,420,250,0.149791498,169.4443353,0.218734182,0,0,0,0,0,0.501500463,0,1,0,40.69989014,0.279388428,54,564,2.21331E-06,6.29575E-07,10,6,38,563,1,0
midSyst_v2T28_01_s03.wav,2,340,700,360,640,0.291006673,1,400,260,0.155779479,157.1825599,0.262924533,0,0,0,0,0,0.535312395,0,1,0,39.8782959,0.093658447,57,693,5.70776E-06,3.24282E-07,13,2,42,693,0,0
midSyst_v2T28_02_s01.wav,2,160,450,290,390,0.070597076,1,220,200,0.016623308,168.3902144,0.125805969,0,0,0,0,0,0.235467375,0,1,0,3.600067139,0.057281494,46,396,3.75556E-06,3.27093E-07,7,8,31,396,0,0
midSyst_v2T28_02_s02.wav,2,210,490,280,390,0.129283549,1,270,160,0.020343032,174.7397407,0.100103929,0,0,0,0,0,0.157352051,0,1,0,3.9559021,0.101928711,46,407,2.7624E-06,5.15769E-07,15,10,21,406,1,0
midSyst_v2T28_02_s03.wav,2,230,430,200,460,0.04353458,1,290,110,0.018178714,178.2722107,0.102686632,1,810,20,0.090456249,135.2282256,0.417569524,2.077802278,1,1,2.272338867,2.401123047,29,426,3.37022E-06,9.214E-07,4,9,16,421,2,3
midSyst_v2T28_02_s05.wav,2,160,450,290,390,0.131569112,1,210,170,0.02427906,158.8568573,0.121417372,0,0,0,0,0,0.184534649,0,1,0,4.466064453,0.069946289,45,382,3.76032E-06,3.75861E-07,8,14,23,382,0,0
midSyst_v2T28_02_s06.wav,2,210,490,280,390,0.122437727,1,260,160,0.022858961,164.8657392,0.099394752,0,0,0,0,0,0.186698668,0,1,0,4.115814209,0.093658447,47,415,3.00215E-06,5.20698E-07,16,9,22,414,1,0
midSyst_v2T29_s01.wav,2,150,440,290,400,0.098846944,1,200,200,0.021479828,158.245518,0.13211046,0,0,0,0,0,0.217303916,0,1,0,4.389251709,0.327423096,39,109,3.61287E-06,3.3553E-06,5,8,26,108,1,0
midSyst_v2T29_s02.wav,2,220,500,280,410,0.368745931,1,280,160,0.057654543,158.2942239,0.243805406,0,0,0,0,0,0.156353027,0,1,0,9.899169922,0.818054199,41,93,2.64466E-06,3.16429E-06,7,17,17,90,3,0
midSyst_v2T29_s03.wav,2,170,440,270,400,0.177206557,1,230,160,0.072580379,155.4963402,0.252237295,0,0,0,0,0,0.409580663,0,1,0,11.86538696,0.816864014,33,102,5.26882E-06,3.14259E-06,2,7,24,102,0,0
midSyst_v2T29_s04.wav,2,230,520,290,370,0.394518094,1,270,190,0.061362718,153.1212448,0.279910567,0,0,0,0,0,0.155538411,0,1,0,11.59655762,0.944030762,46,100,3.46316E-06,2.44406E-06,13,14,19,98,1,1
midSyst_v2T29_s05.wav,2,210,500,290,410,0.360204569,1,270,190,0.05938945,154.7166159,0.254378933,0,0,0,0,0,0.164877004,0,1,0,11.3210144,0.753112793,37,102,3.94012E-06,3.19404E-06,3,15,19,101,1,0
midSyst_v2T29_s06.wav,2,180,460,280,410,0.337012431,1,240,160,0.056973271,158.5266126,0.253889245,0,0,0,0,0,0.169053914,0,1,0,9.857666016,0.793670654,41,95,2.74722E-06,3.78492E-06,7,18,16,92,3,0
midSyst_v3T17_01_s01.wav,2,300,640,340,600,0.060056458,1,360,220,0.019558554,316.7069187,0.071291267,1,740,50,0.024558688,102.9186806,0.325669465,0.408926676,1,1,8.846313477,0.982940674,83,584,5.64137E-07,1.35203E-06,9,9,65,574,4,6
midSyst_v3T17_01_s02.wav,2,250,600,350,600,0.069008891,1,310,230,0.02107941,319.3623516,0.091315918,1,710,40,0.029162896,107.5326294,0.305459341,0.422596215,1,1,9.986358643,1.031433105,89,591,5.89396E-07,1.48078E-06,11,21,57,584,1,6
midSyst_v3T17_01_s03.wav,2,320,630,310,530,0.096786448,1,380,190,0.022003961,316.4392802,0.082813059,1,730,50,0.023207615,107.5722348,0.227345478,0.239781658,1,1,8.636047363,0.993865967,73,521,6.07932E-07,1.45533E-06,8,16,49,515,0,6
midSyst_v3T17_01_s04.wav,2,250,610,360,610,0.073438517,1,310,240,0.021182649,316.1403302,0.083517575,1,710,50,0.023035996,102.541968,0.288440587,0.313677303,1,1,10.42221069,0.999694824,92,625,5.66796E-07,1.35126E-06,10,17,65,618,1,6
midSyst_v3T17_01_s05.wav,2,270,610,340,600,0.069700724,1,330,220,0.021476193,318.2311621,0.084100749,1,710,50,0.02542572,107.7281756,0.308120091,0.364784161,1,1,9.656982422,1.022247314,84,596,5.6851E-07,1.43241E-06,9,12,63,589,1,6
midSyst_v3T17_02_s01.wav,2,380,830,450,780,0.120777978,1,440,330,0.058544985,268.1139891,0.045020989,0,0,0,0,0,0.484732281,0,1,0,30.33325195,0.086791992,113,931,2.30208E-06,2.33632E-07,20,8,85,931,0,0
midSyst_v3T17_02_s02.wav,2,380,830,450,770,0.129836205,1,440,330,0.060873672,269.1028251,0.04395718,0,0,0,0,0,0.468849746,0,1,0,31.39672852,0.084228516,118,953,2.37949E-06,2.08252E-07,23,6,89,953,0,0
midSyst_v3T17_02_s03_JUST2.wav,2,430,880,450,780,0.132727119,1,490,330,0.060642997,268.9696078,0.044902445,0,0,0,0,0,0.456899826,0,1,0,31.11123657,0.090057373,114,934,2.1048E-06,2.33579E-07,22,9,83,934,0,0
midSyst_v3T19_s01.wav,2,380,740,360,660,0.197224223,1,450,240,0.102869916,274.0723509,0.256564314,0,0,0,0,0,0.521588648,0,1,0,45.62173462,0.12197876,92,738,9.24637E-07,3.89051E-07,14,15,63,738,0,0
midSyst_v3T19_s02.wav,2,380,740,360,660,0.353969014,1,450,220,0.171008217,281.2074262,0.36391883,0,0,0,0,0,0.483116348,0,1,0,71.2124939,0.139587402,95,686,8.45411E-07,5.62756E-07,13,21,61,686,0,0
midSyst_v3T19_s03.wav,2,350,700,350,620,0.311054484,1,410,230,0.150079012,285.6855572,0.373213331,0,0,0,0,0,0.482484645,0,1,0,65.69735718,0.170318604,103,646,7.97529E-07,5.35635E-07,22,16,65,645,1,0
midSyst_v3T19_s04.wav,2,390,750,360,650,0.327080231,1,450,220,0.150648423,277.4005481,0.339741923,0,0,0,0,0,0.460585536,0,1,0,61.20339966,0.185546875,101,698,1.12416E-06,5.36723E-07,24,21,56,698,0,0
midSyst_v3T19_s05_JUST2.wav,2,360,710,350,660,0.335414344,1,430,210,0.139018519,286.4463363,0.381985389,0,0,0,0,0,0.414468021,0,1,0,57.72888184,0.187347412,98,641,8.60401E-07,6.83089E-07,19,21,58,640,1,0
midSyts_v3T21_01_s01.wav,2,340,710,370,630,0.167116292,1,420,230,0.056554349,139.2478977,0.161067047,0,0,0,0,0,0.338413136,0,1,0,10.44161987,0.632354736,74,657,5.39972E-06,3.67362E-07,37,12,25,656,0,1
midSyts_v3T21_01_s02.wav,2,300,700,400,600,0.302838643,1,410,230,0.087056476,136.7576848,0.236033546,0,0,0,0,0,0.287468189,0,1,0,15.93771362,0.103485107,70,593,5.29118E-06,4.19834E-07,34,11,25,593,0,0
midSyts_v3T21_01_s03.wav,2,300,710,410,620,0.253848351,1,410,240,0.084127407,143.4388589,0.218700612,0,0,0,0,0,0.331408128,0,1,0,16.57531738,0.474182129,71,595,4.8427E-06,5.93729E-07,32,13,26,594,0,1
midSyts_v3T21_01_s04.wav,2,320,710,390,610,0.334812266,1,410,50,0.165292144,134.0127118,0.239891561,0,0,0,0,0,0.493686046,0,1,0,16.81307983,0.248718262,73,553,4.98195E-06,6.50525E-07,37,17,19,553,0,0
midSyts_v3T21_01_s05_JUST2.wav,2,330,740,410,630,0.322896389,1,450,230,0.090080107,138.2465114,0.229982368,0,0,0,0,0,0.278975269,0,1,0,16.52252197,0.890075684,77,598,5.40481E-06,5.14322E-07,40,12,25,597,0,1
midSyts_v3T21_02_s01.wav,2,350,750,400,570,0.162534383,1,430,70,0.084364257,132.7030819,0.290970052,0,0,0,0,0,0.519054835,0,1,0,9.98638916,0.125213623,75,563,6.95663E-06,5.24694E-07,35,14,26,563,0,0
midSyts_v3T21_02_s02.wav,2,280,670,390,580,0.184473674,1,390,240,0.057550311,136.7545531,0.216380056,0,0,0,0,0,0.311970322,0,1,0,10.76364136,0.184143066,72,551,6.84055E-06,7.08246E-07,33,11,28,550,1,0
midSyts_v3T21_02_s03.wav,2,370,770,400,610,0.197693108,1,490,90,0.074814255,127.2549843,0.274390157,0,0,0,0,0,0.378436332,0,1,0,10.87664795,0.603363037,71,584,6.4468E-06,6.97425E-07,33,13,25,582,1,1
midSyts_v3T21_02_s04.wav,2,340,730,390,610,0.155791423,1,450,220,0.058826532,140.1071515,0.243250597,0,0,0,0,0,0.377598016,0,1,0,10.21588135,0.400268555,64,581,6.2692E-06,6.39325E-07,30,10,24,580,1,0
midSyts_v3T21_02_s05.wav,2,330,730,400,570,0.188309597,1,410,260,0.053751293,140.7057607,0.341781616,0,0,0,0,0,0.28544107,0,1,0,11.53814697,0.494110107,76,589,6.81979E-06,3.64446E-07,36,13,27,588,0,1
earlyDiast_v3T10_s02.wav,5,120,470,350,660,0.271511078,0,0,0,0,0,0.356658037,1,530,370,0.228926546,126.0557304,0,0.843157297,0,1,0.783508301,69.57522583,74,119,6.77472E-06,9.5713E-06,69,5,0,71,3,45
earlyDiast_v3T10_s03.wav,5,100,450,350,650,0.266843126,0,0,0,0,0,0.339298096,1,510,360,0.224145647,122.1817474,0,0.839990334,0,1,0.712371826,64.83963013,89,125,4.08748E-06,1.08153E-05,86,3,0,79,3,43
earlyDiast_v3T10_s04.wav,5,130,480,350,670,0.30853302,0,0,0,0,0,0.381259969,1,540,370,0.231559749,125.3939158,0,0.75051853,0,1,0.807617188,70.1803894,76,125,6.60433E-06,9.71385E-06,72,4,0,77,3,45
earlyDiast_v3T10_s05.wav,5,130,480,350,650,0.262601725,0,0,0,0,0,0.334681193,1,540,360,0.224238984,122.204353,0,0.853912837,0,1,0.712890625,64.80575562,95,116,4.14284E-06,1.03592E-05,91,4,0,70,3,43
earlyDmidS_v3T24_s01.wav,5,180,530,350,650,0.137126872,1,240,250,0.094164279,176.6793361,0.282851969,0,0,0,0,0,0.686694578,0,1,0,25.17736816,5.168823242,59,209,3.0205E-06,1.90911E-06,8,6,45,177,31,1
earlyDmidS_v3T24_s02.wav,5,250,570,320,690,0.336596629,1,320,180,0.102398578,192.2695648,0.247320557,1,1180,30,0.107387839,153.7260175,0.30421748,0.319040151,1,1,23.22427368,11.37948608,54,211,2.47714E-06,2.03537E-06,17,9,28,161,42,8
earlyDmidS_v3T24_s03.wav,5,300,680,380,610,0.318956502,1,340,200,0.097802702,172.9682692,0.08901062,1,740,100,0.035449063,351.9113872,0.306633354,0.111140744,1,1,35.73580933,12.57681274,64,178,2.91596E-06,2.47288E-06,16,11,37,136,9,33
earlyDmidS_v3T24_s04.wav,5,260,660,400,600,0.306899329,1,320,200,0.091449989,185.0842291,0.08010493,1,720,90,0.030551475,378.0479392,0.297980412,0.099548848,1,1,37.16351318,12.09863281,70,178,2.5833E-06,3.05749E-06,20,10,40,123,22,33
midDiast_v3T11_s02.wav,5,140,510,370,690,0.297179396,0,0,0,0,0,0.086864488,1,610,310,0.087938975,119.4270297,0,0.295912087,0,1,0.932830811,22.69241333,99,129,3.77202E-06,9.10138E-06,90,9,0,77,12,40
midDiast_v3T11_s03.wav,5,120,490,370,690,0.307966359,0,0,0,0,0,0.106917216,1,600,360,0.122479459,111.6475176,0,0.39770402,0,1,0.915313721,31.85687256,95,128,4.16768E-06,1.18413E-05,91,4,0,72,20,36
midDiast_v3T11_s04.wav,5,90,460,370,700,0.264681193,0,0,0,0,0,0.178163028,1,560,410,0.091479665,119.4013575,0,0.34562208,0,1,0.958831787,27.84521484,75,129,3.41794E-06,9.7039E-06,72,3,0,80,4,45
midDiast_v3T15_s01.wav,5,90,440,350,610,0.257368876,0,0,0,0,0,0.079909465,1,490,40,0.061479747,139.2855506,0,0.238877938,0,1,0.092651367,8.815216064,316,246,7.57396E-07,8.35612E-06,316,0,0,203,12,31
midDiast_v3T15_s02.wav,5,140,480,340,610,0.389396701,0,0,0,0,0,0.088375109,1,540,30,0.086174778,132.380962,0,0.221303309,0,1,0.145385742,9.712585449,295,240,7.02529E-07,8.33588E-06,295,0,0,200,8,32
midDiast_v3T15_s03.wav,5,130,480,350,610,0.380760023,0,0,0,0,0,0.087339952,1,530,30,0.083687303,133.1370141,0,0.219790152,0,1,0.089782715,9.701416016,309,244,5.9409E-07,8.43968E-06,309,0,0,206,8,30
syst&diast_s02.wav,6,270,430,160,560,0.433158986,1,330,40,0.079506702,181.6421538,0.119239314,0,0,0,0,0,0.183550854,0,1,0,4.524963379,7.067047119,17,1286,5.07443E-06,3.62386E-07,6,6,5,1046,225,15
syst&diast_s03.wav,6,250,430,180,540,0.431288478,1,300,70,0.064236069,178.6367597,0.11583129,1,530,20,0.012617484,406.800586,0.148939915,0.029255324,1,0,5.863433838,7.35345459,20,1345,3.56488E-06,3.49239E-07,6,3,11,1158,176,11
syst&diast_s04.wav,6,240,370,130,590,0.451768137,1,290,20,0.081796069,171.2732821,0.172284454,1,430,20,0.03205543,126.9119261,0.181057631,0.070955492,1,0,2.161132813,7.512115479,25,1453,3.8537E-06,3.50942E-07,15,8,2,1302,145,6
syst&diast_s05.wav,6,190,370,180,540,0.463258615,1,250,60,0.110835353,156.2682779,0.088306117,0,0,0,0,0,0.239251574,0,1,0,7.054992676,6.670135498,26,1303,8.24411E-06,3.40103E-07,7,8,11,1102,196,5
syst&diast_s06.wav,6,170,360,190,530,0.456808662,1,230,70,0.102860718,166.1377531,0.088283217,1,590,20,0.008768915,405.8827612,0.225172434,0.019196035,1,0,8.448455811,6.388061523,21,1357,4.47267E-06,3.18939E-07,7,4,10,1074,251,32
syst&diast_s07.wav,6,130,280,150,570,0.457980506,1,190,30,0.085058277,180.7165074,0.074011415,0,0,0,0,0,0.185724666,0,1,0,3.62689209,6.454101563,15,1363,6.90283E-06,3.2264E-07,7,2,6,1153,199,11
syst&diast_s08.wav,6,250,440,190,530,0.461389579,1,310,70,0.087383426,161.2406525,0.078510362,1,620,20,0.011807319,424.8202276,0.189391851,0.025590779,1,0,7.006164551,6.574066162,45,1485,4.05046E-06,3.18953E-07,27,7,11,1252,218,15
syst&diast_s09.wav,6,240,380,140,580,0.448337266,1,280,40,0.106589127,186.4019274,0.113088823,1,440,20,0.019221057,86.79207345,0.23774318,0.042871871,1,0,5.940582275,7.074157715,15,1369,7.34574E-06,3.5792E-07,1,4,10,1129,208,32
syst&diast_s10.wav,6,220,380,160,560,0.43780485,1,280,40,0.071379448,181.6092258,0.097263396,0,0,0,0,0,0.163039418,0,1,0,3.813079834,6.452453613,15,1490,5.55502E-06,3.01491E-07,3,5,7,1269,208,13
syst&diast_s11.wav,6,280,450,170,550,0.454158564,1,320,70,0.075241438,177.5650478,0.100582042,0,0,0,0,0,0.165672177,0,1,0,6.243713379,6.313018799,27,1528,5.64056E-06,2.90876E-07,8,8,11,1314,195,19
syst&diast_s13.wav,6,200,370,170,550,0.438705965,1,260,50,0.062406509,173.6729723,0.098483365,0,0,0,0,0,0.142251334,0,1,0,3.797729492,7.203369141,39,1460,3.24222E-06,3.18556E-07,13,18,8,1267,186,7
syst&diast_s15.wav,6,180,340,160,560,0.417291561,1,210,70,0.096162605,171.7285146,0.079716936,0,0,0,0,0,0.230444644,0,1,0,7.673248291,6.432006836,35,1490,6.64877E-06,3.028E-07,8,13,14,1232,238,20
syst&diast_s16.wav,6,210,340,130,590,0.411558581,1,270,10,0.053047494,150.1499142,0.130482425,1,400,20,0.016136599,95.78426207,0.128894151,0.03920851,1,0,0.98727417,7.108947754,8,1608,2.95529E-06,3.24183E-07,4,0,4,1478,129,1
syst&diast_s17.wav,6,250,400,150,570,0.423827649,1,310,30,0.111616251,151.9366247,0.085966435,0,0,0,0,0,0.263352925,0,1,0,4.007629395,6.143981934,18,1470,5.74117E-06,3.07364E-07,4,1,13,1269,197,4
syst&diast_s18.wav,6,220,400,180,540,0.403394664,1,250,90,0.061557446,166.5952878,0.10147515,0,0,0,0,0,0.152598562,0,1,0,6.796508789,6.124633789,64,1361,4.13102E-06,2.78649E-07,33,21,10,1136,207,18
syst&diast_s19.wav,6,260,430,170,550,0.405160956,1,320,50,0.079871806,163.0297249,0.079835833,0,0,0,0,0,0.19713599,0,1,0,5.215240479,7.127563477,20,1284,3.4538E-06,3.82076E-07,6,6,8,1062,208,14
syst&diast_s20.wav,6,240,400,160,560,0.413426693,1,270,70,0.066010035,188.6229056,0.086934327,0,0,0,0,0,0.159665635,0,1,0,6.068664551,6.538513184,36,1582,4.03464E-06,2.72658E-07,9,19,8,1334,228,20
syst&diast_s21.wav,6,220,370,150,590,0.397242061,1,280,30,0.06200124,158.5413726,0.080199736,0,0,0,0,0,0.156079243,0,1,0,2.509307861,6.448669434,20,1775,5.25373E-06,2.56742E-07,6,7,7,1611,162,2
syst&diast_s22.wav,6,210,400,190,550,0.415481714,1,270,70,0.087476499,182.0667611,0.092055831,0,0,0,0,0,0.210542357,0,1,0,7.398193359,6.525726318,28,1465,5.88739E-06,3.00339E-07,14,5,9,1194,256,15
syst&diast_s23.wav,6,200,390,190,540,0.402381,1,260,70,0.077355791,172.2197138,0.112638871,0,0,0,0,0,0.192245137,0,1,0,6.832733154,6.397735596,21,1553,4.00246E-06,2.85954E-07,4,10,7,1399,154,0
syst&diast_s24.wav,6,300,480,180,550,0.452778839,1,360,60,0.076052588,192.5013781,0.089480208,0,0,0,0,0,0.167968512,0,1,0,5.584747314,6.418395996,32,1408,5.37274E-06,3.25364E-07,15,8,9,1286,121,1
syst&diast_s25.wav,6,290,480,190,540,0.466745599,1,350,70,0.058044781,172.7826829,0.071995386,0,0,0,0,0,0.124360638,0,1,0,4.881958008,6.235900879,24,1339,5.13644E-06,3.35221E-07,9,6,9,1194,144,1
syst&diast_s26.wav,6,210,400,190,540,0.450270545,1,270,70,0.113079748,170.4884529,0.108020065,0,0,0,0,0,0.251137342,0,1,0,9.397491455,6.528656006,30,1383,6.08673E-06,3.20891E-07,6,8,16,1178,186,19
syst&diast_s28.wav,6,240,390,150,570,0.476143559,1,300,30,0.078887932,163.3952044,0.190905343,0,0,0,0,0,0.165680981,0,1,0,3.174865723,6.512268066,22,1399,4.2609E-06,3.47695E-07,15,3,4,1269,128,2
midSyst&Diast_v2T19_s01.wav,6,360,660,300,580,0.482343275,1,410,140,0.08055451,112.250986,0.524491119,0,0,0,0,0,0.167006599,0,1,0,8.604614258,7.646697998,32,91,1.01724E-05,1.38452E-05,9,11,12,52,35,4
midSyst&Diast_v2T19_s02.wav,6,300,620,320,600,0.43588384,1,360,180,0.073760837,104.2799742,0.228612501,1,1140,50,0.077630649,80.0089625,0.169221317,0.178099397,1,1,8.508758545,7.186096191,30,87,1.39886E-05,1.73869E-05,9,9,12,48,26,13
midSyst&Diast_v2T19_s03.wav,6,310,610,300,540,0.271416117,1,370,180,0.052657238,97.90665699,0.050818549,1,670,20,0.025311969,118.5662982,0.194009252,0.093258901,1,1,5.453582764,5.349334717,24,77,1.73605E-05,0.00001853,7,4,13,36,29,12
midSyst&Diast_v2T19_s04.wav,6,280,550,270,510,0.246927185,1,330,160,0.055805131,89.61808593,0.361048584,1,600,20,0.032590705,103.4221675,0.225998326,0.131985083,1,1,4.919158936,4.492523193,26,64,1.84415E-05,1.68863E-05,8,5,13,33,28,3
midSyst&Diast_v2T19_s05.wav,6,240,530,290,520,0.39263248,1,300,120,0.052112742,105.7905313,0.133174099,0,0,0,0,0,0.132726519,0,1,0,4.920776367,3.970581055,22,64,1.13532E-05,1.23547E-05,6,5,11,35,23,6
diastOS_s01.wav,5,110,520,410,400,0.255745249,1,170,50,0.035382579,0,0.052367956,1,580,90,0.115044645,3.786178038,0.138350874,0.449840791,1,1,6.807830811,11.08551025,4510,3855,8.78289E-09,4.9954E-08,4258,171,81,3579,124,152
diastOS_s02.wav,5,150,520,370,440,0.260052114,1,210,50,0.042395665,0,0.044395364,1,580,130,0.086451986,3.246029558,0.163027574,0.332441003,1,1,6.585632324,11.91598511,4203,4151,1.27663E-08,5.75513E-08,4096,63,44,3795,84,272
diastOS_s03.wav,5,180,550,370,430,0.201175961,1,240,50,0.025079965,0,0.042627283,1,610,120,0.08369251,0,0.12466681,0.416016454,1,1,5.836425781,11.17797852,4393,4041,4.71524E-09,4.30213E-08,4240,80,73,3465,228,348
diastOS_s04.wav,5,120,530,410,410,0.203155488,1,190,50,0.028070111,0,0.046851085,1,590,90,0.109310283,0,0.138170577,0.538062173,1,1,6.219512939,11.64685059,4400,3881,6.82314E-09,4.99347E-08,4228,125,47,3562,169,150
diastOS_s05.wav,5,130,550,420,400,0.237196561,1,200,50,0.032635003,0,0.058931198,1,610,80,0.12704411,6.632033287,0.137586326,0.535606883,1,1,6.998901367,11.01589966,4665,3758,8.55573E-09,5.07723E-08,4401,224,40,3506,112,140
diastOS_s06.wav,5,130,520,390,410,0.230496397,1,190,50,0.035981607,0,0.037032429,1,580,100,0.112427444,24.61308093,0.156104856,0.487762261,1,1,6.265258789,12.44317627,4197,3940,7.73212E-09,6.41147E-08,4003,138,56,3648,132,160
diastOS_s07.wav,5,140,530,390,420,0.19983297,1,200,50,0.043843127,0,0.05609088,1,590,110,0.103744532,0,0.219398867,0.519156234,1,1,6.814697266,11.62133789,4285,3921,1.23753E-08,5.02611E-08,4113,130,42,3492,110,319
diastOS_s08.wav,5,120,520,400,420,0.201619773,1,190,50,0.034049356,0,0.071822761,1,580,100,0.108973132,9.772864834,0.16887905,0.540488318,1,1,6.54888916,11.89074707,4220,4048,1.1758E-08,4.81598E-08,4043,88,89,3589,233,226
diastOS_s09.wav,5,120,520,400,420,0.215624568,1,180,60,0.050348165,0,0.051342194,1,580,100,0.126564283,6.637842609,0.233499203,0.586965964,1,1,7.496612549,12.41018677,4264,3910,1.74696E-08,5.84558E-08,4089,138,37,3483,147,280
diastOS_s10.wav,5,190,590,400,410,0.205526349,1,260,40,0.032110067,0,0.055918412,1,650,100,0.129292867,10.08614153,0.156233335,0.629081711,1,1,6.354125977,12.90731812,4184,3877,7.60415E-09,8.24454E-08,4001,120,63,3577,139,161
diastOS_s11.wav,5,130,530,400,410,0.220212377,1,190,50,0.041972118,0,0.105625394,1,590,90,0.133721783,12.07722903,0.190598359,0.607240089,1,1,6.730895996,12.07006836,4449,3803,1.08827E-08,6.98305E-08,4352,9,88,3528,175,100
diastOS_s12.wav,5,130,550,420,390,0.203315423,1,190,50,0.025187361,0,0.045259484,1,610,70,0.123722493,7.555423325,0.12388318,0.608524876,1,1,6.633392334,10.23974609,4658,3826,7.29683E-09,4.41131E-08,4460,151,47,3575,132,119
diastOS_s13.wav,5,130,550,420,400,0.202667413,1,200,40,0.043926364,0,0.067575767,1,610,80,0.123973297,0,0.216741127,0.611708091,1,1,6.817230225,10.99584961,4622,3725,7.89716E-09,5.32383E-08,4442,78,102,3520,70,135
diastOS_s14.wav,5,150,550,400,410,0.223714081,1,220,70,0.03836081,0,0.038715033,1,610,100,0.089848481,0,0.17147249,0.401621931,1,1,6.675354004,10.52975464,4096,4020,1.10667E-08,4.45545E-08,3951,73,72,3692,150,178
diastOS_s15.wav,5,120,510,390,420,0.23329507,1,180,60,0.02829825,0,0.046110815,1,570,120,0.102144885,4.170465616,0.121298107,0.43783559,1,1,6.5206604,12.35546875,4438,3892,8.43118E-09,6.09125E-08,4249,136,53,3550,98,244
diastOS_s16.wav,5,150,550,400,410,0.205768311,1,210,50,0.02840118,0,0.050711653,1,610,90,0.12264758,7.993933221,0.138025042,0.596046976,1,1,6.116912842,11.98187256,4342,3923,5.84973E-09,4.99867E-08,4166,103,73,3651,80,192
diastOS_s17.wav,5,140,530,390,430,0.203611006,1,200,50,0.053635262,0,0.077657262,1,590,110,0.093418934,0,0.263420249,0.458810825,1,1,7.092041016,10.98983765,4206,3930,1.42652E-08,6.26687E-08,4060,61,85,3594,135,201
diastOS_s18.wav,5,140,530,390,420,0.219135534,1,210,50,0.039036702,0,0.044699157,1,590,100,0.143149462,9.454547521,0.178139535,0.653246234,1,1,6.813873291,14.15338135,4322,4024,1.08145E-08,8.55619E-08,4137,158,27,3759,114,151
diastOS_s19.wav,5,110,470,360,450,0.216760413,1,170,60,0.037188789,0,0.033871258,1,530,160,0.067673109,9.572236652,0.171566332,0.312202345,1,1,6.30380249,12.36602783,4222,4170,1.06378E-08,5.90985E-08,4067,82,73,3563,256,351
diastOS_s20.wav,5,140,540,400,450,0.198646234,1,200,60,0.039686663,0,0.046215215,1,600,100,0.113355103,6.925619275,0.199785632,0.570638066,1,1,6.684143066,12.82022095,4319,4415,1.42654E-08,5.33678E-08,4147,149,23,4055,216,144
diastOS_s21.wav,5,140,540,400,410,0.257654605,1,200,50,0.025950221,0,0.044441485,1,600,100,0.106060313,0,0.100717087,0.411637561,1,1,6.257568359,11.7572937,4397,3978,6.27121E-09,4.70353E-08,4276,78,43,3715,86,177
diastOS_s22.wav,5,160,530,370,430,0.199209204,1,210,60,0.035074043,0,0.030621269,1,590,120,0.087862927,4.543589559,0.176066378,0.441058573,1,1,6.578735352,12.18481445,4143,3998,1.00365E-08,4.51904E-08,3992,93,58,3485,269,244
diastOS_s23.wav,5,120,520,400,420,0.21998797,1,190,60,0.036293333,0,0.037144592,1,580,100,0.120787046,7.304154727,0.164978717,0.549062053,1,1,6.594940186,12.94613647,4360,3869,1.05564E-08,6.33891E-08,4208,127,25,3501,259,109
diastOS_s24.wav,5,120,550,430,390,0.23945004,1,180,60,0.039126673,0,0.0631114,1,610,70,0.143080832,9.517111454,0.16340224,0.597539396,1,1,7.278411865,11.00762939,4730,3723,1.25013E-08,5.68553E-08,4469,206,55,3499,139,85
diastOS_s25.wav,5,160,560,400,400,0.222442884,1,220,60,0.043001886,10.85508241,0.057809361,1,620,100,0.119220509,13.4566591,0.193316527,0.535960095,1,1,7.468078613,12.18231201,4261,3937,1.20772E-08,5.66062E-08,4112,107,42,3620,128,189
earlyDiastAortic_s19.wav,5,230,530,300,490,0.142106204,0,0,0,0,0,0.471824105,0,0,0,0,0,0,0,0,0,0.382781982,1.678436279,3084,2321,4.97724E-09,8.61034E-08,3083,1,0,2319,2,0
earlyDiastAortic_s20.wav,5,170,480,310,490,0.137620199,0,0,0,0,0,0.465318027,0,0,0,0,0,0,0,0,0,0.38482666,1.651550293,3065,2359,5.94041E-09,8.50491E-08,3064,1,0,2359,0,0
earlyDiastAortic_s21.wav,5,230,540,310,490,0.112694942,0,0,0,0,0,0.509997157,0,0,0,0,0,0,0,0,0,0.360717773,1.724090576,3096,2369,2.85315E-09,9.4442E-08,3067,29,0,2367,2,0
earlyDiastAortic_s22.wav,5,190,510,320,490,0.122551575,0,0,0,0,0,0.446822344,0,0,0,0,0,0,0,0,0,0.356048584,1.636260986,3042,2254,5.63428E-09,1.07829E-07,3042,0,0,2245,9,0
earlyDiastAortic_s23.wav,5,160,470,310,490,0.124350158,0,0,0,0,0,0.445441377,0,0,0,0,0,0,0,0,0,0.375305176,1.746490479,3063,2300,3.61291E-09,9.71721E-08,3042,21,0,2299,1,0
earlyDiastAortic_s24.wav,5,270,570,300,490,0.131331048,0,0,0,0,0,0.503634294,0,0,0,0,0,0,0,0,0,0.354888916,1.776367188,3119,2246,1.66528E-09,9.39693E-08,3116,3,0,2245,1,0
earlyDiastAortic_s25.wav,5,200,500,300,490,0.142434944,0,0,0,0,0,0.478845838,0,0,0,0,0,0,0,0,0,0.350860596,1.706878662,2990,2352,3.20637E-09,1.02294E-07,2990,0,0,2350,2,0
earlyDiastAortic_s01.wav,5,240,540,300,490,0.118680908,0,0,0,0,0,0.502769849,0,0,0,0,0,0,0,0,0,0.33883667,1.761688232,2982,2122,2.75611E-09,1.18474E-07,2962,20,0,2120,2,0
earlyDiastAortic_s02.wav,5,220,520,300,490,0.120231118,0,0,0,0,0,0.44601293,0,0,0,0,0,0,0,0,0,0.353027344,1.748474121,3044,2254,3.5961E-09,1.04732E-07,3044,0,0,2250,4,0
earlyDiastAortic_s03.wav,5,200,510,310,490,0.117299933,0,0,0,0,0,0.500410364,0,0,0,0,0,0,0,0,0,0.352172852,1.865631104,3025,2205,2.46534E-09,1.1277E-07,3025,0,0,2198,7,0
earlyDiastAortic_s04.wav,5,180,480,300,490,0.12306863,0,0,0,0,0,0.478741259,0,0,0,0,0,0,0,0,0,0.376312256,1.808776855,3090,2232,3.83888E-09,9.4308E-08,3090,0,0,2224,8,0
earlyDiastAortic_s05.wav,5,180,480,300,490,0.141444192,0,0,0,0,0,0.486195144,0,0,0,0,0,0,0,0,0,0.375396729,1.652893066,3066,2326,9.08708E-09,8.11767E-08,3043,23,0,2326,0,0
earlyDiastAortic_s06.wav,5,200,510,310,490,0.142302732,0,0,0,0,0,0.424408963,0,0,0,0,0,0,0,0,0,0.376373291,1.622680664,3118,2342,3.91813E-09,8.84853E-08,3103,15,0,2338,4,0
earlyDiastAortic_s07.wav,5,210,520,310,490,0.125956704,0,0,0,0,0,0.489482628,0,0,0,0,0,0,0,0,0,0.362731934,1.678009033,3016,2329,5.62762E-09,8.92809E-08,3013,3,0,2327,2,0
earlyDiastAortic_s08.wav,5,190,510,320,490,0.114729048,0,0,0,0,0,0.494317082,0,0,0,0,0,0,0,0,0,0.374176025,1.809753418,3099,2248,3.59096E-09,1.01304E-07,3077,22,0,2246,2,0
earlyDiastAortic_s09.wav,5,230,550,320,490,0.131361728,0,0,0,0,0,0.415502362,0,0,0,0,0,0,0,0,0,0.383666992,1.816009521,3111,2204,3.97592E-09,1.15677E-07,3092,19,0,2193,11,0
earlyDiastAortic_s10.wav,5,200,510,310,490,0.123597833,0,0,0,0,0,0.462791809,0,0,0,0,0,0,0,0,0,0.388122559,1.635314941,3115,2301,3.05358E-09,9.52616E-08,3105,10,0,2301,0,0
earlyDiastAortic_s11.wav,5,180,480,300,490,0.134742563,0,0,0,0,0,0.487849972,0,0,0,0,0,0,0,0,0,0.334381104,1.647827148,3024,2313,2.13348E-09,8.95682E-08,3024,0,0,2303,10,0
earlyDiastAortic_s12.wav,5,210,510,300,500,0.135859175,0,0,0,0,0,0.430580047,0,0,0,0,0,0,0,0,0,0.351715088,1.618438721,3026,2135,2.77698E-09,9.62881E-08,3026,0,0,2135,0,0
earlyDiastAortic_s13.wav,5,170,490,320,490,0.113522604,0,0,0,0,0,0.476231764,0,0,0,0,0,0,0,0,0,0.341156006,1.671600342,3027,2319,2.33737E-09,9.20376E-08,3027,0,0,2315,4,0
earlyDiastAortic_s14.wav,5,240,560,320,490,0.140816185,0,0,0,0,0,0.408305801,0,0,0,0,0,0,0,0,0,0.386566162,1.693481445,3091,2232,6.20274E-09,9.97641E-08,3091,0,0,2230,2,0
earlyDiastAortic_s15.wav,5,200,510,310,490,0.137059404,0,0,0,0,0,0.472682224,0,0,0,0,0,0,0,0,0,0.350128174,1.687896729,3027,2203,5.12268E-09,1.01817E-07,3027,0,0,2202,1,0
earlyDiastAortic_s16.wav,5,230,530,300,490,0.119520822,0,0,0,0,0,0.521931147,0,0,0,0,0,0,0,0,0,0.351531982,1.878326416,3068,2188,2.2209E-09,1.22058E-07,3041,27,0,2184,4,0
earlyDiastAortic_s17.wav,5,180,480,300,490,0.119318109,0,0,0,0,0,0.418695399,0,0,0,0,0,0,0,0,0,0.368743896,1.704284668,3109,2328,3.70831E-09,9.70936E-08,3109,0,0,2318,10,0
earlyDiastAortic_s18.wav,5,220,520,300,510,0.116950689,0,0,0,0,0,0.434497149,0,0,0,0,0,0,0,0,0,0.374633789,1.833587646,3072,2137,3.07575E-09,1.03129E-07,3040,32,0,2134,3,0